index,Team_H,Score_H,Score_A,Team_A,Location,Season,GameIDs,Date,H_elo_Before,A_elo_Before,H_elo_After,A_elo_After,A_last_10_AVG_Against,A_last_10_AVG_Score,H_last_10_AVG_Against,H_last_10_AVG_Score,home_win
0,New South Wales Swifts,60,40,Adelaide Thunderbirds,Sydney Olympic Park Sports Centre,2011.0,0,2011-02-13,1500,1500,1513.1692845702864,1486.8307154297136,0.0,0.0,0.0,0.0,1
1,Northern Mystics,51,34,Southern Steel,Trusts Stadium,2011.0,1,2011-02-14,1500,1500,1511.7761657567469,1488.2238342432531,0.0,0.0,0.0,0.0,1
2,Central Pulse,44,54,Northern Mystics,Te Rauparaha Arena,2011.0,2,2011-02-19,1500,1511.7761657567469,1488.041223621203,1523.7349421355439,34.0,51.0,0.0,0.0,0
3,Adelaide Thunderbirds,47,65,Melbourne Vixens,ETSA Park,2011.0,3,2011-02-20,1486.8307154297136,1500,1469.357705966055,1517.4730094636586,0.0,0.0,60.0,40.0,0
4,Waikato Bay of Plenty Magic,51,36,Southern Steel,Energy Events Centre,2011.0,4,2011-02-20,1500,1488.2238342432531,1510.2915564282239,1477.9322778150292,51.0,34.0,0.0,0.0,1
5,Canterbury Tactix,48,54,West Coast Fever,CBS Canterbury Arena,2011.0,5,2011-02-21,1500,1500,1490.7514442031413,1509.2485557968587,0.0,0.0,0.0,0.0,0
6,Queensland Firebirds,51,48,New South Wales Swifts,Brisbane Convention and Exhibition Centre,2011.0,6,2011-02-21,1500,1513.1692845702864,1504.749936271499,1508.4193482987873,40.0,60.0,0.0,0.0,1
7,Northern Mystics,39,45,Waikato Bay of Plenty Magic,Trusts Stadium,2011.0,7,2011-02-24,1523.7349421355439,1510.2915564282239,1514.097337499634,1519.9291610641337,36.0,51.0,39.0,52.5,0
8,West Coast Fever,53,72,Adelaide Thunderbirds,Challenge Stadium,2011.0,8,2011-02-24,1509.2485557968587,1469.357705966055,1487.9629339234398,1490.6433278394738,62.5,43.5,48.0,54.0,0
9,Central Pulse,43,45,Southern Steel,Te Rauparaha Arena,2011.0,9,2011-02-26,1488.041223621203,1477.9322778150292,1482.0795873769932,1483.893914059239,51.0,35.0,54.0,44.0,0
10,Queensland Firebirds,64,41,Adelaide Thunderbirds,Brisbane Convention and Exhibition Centre,2011.0,10,2011-02-26,1504.749936271499,1490.6433278394738,1518.4225872979514,1476.9706768130216,59.333333333333336,53.0,48.0,51.0,1
11,New South Wales Swifts,60,40,Adelaide Thunderbirds,Sydney Olympic Park Sports Centre,2011.0,11,2011-02-27,1508.4193482987873,1476.9706768130216,1519.9026188637993,1465.4874062480096,60.5,50.0,45.5,54.0,1
12,Central Pulse,44,46,Waikato Bay of Plenty Magic,TSB Bank Arena,2011.0,12,2011-02-28,1482.0795873769932,1519.9291610641337,1476.970369473068,1525.0383789680589,37.5,48.0,49.5,43.5,0
13,West Coast Fever,38,62,Queensland Firebirds,Challenge Stadium,2011.0,13,2011-02-28,1487.9629339234398,1518.4225872979514,1467.7754239390556,1538.6100972823356,44.5,57.5,60.0,53.5,0
14,Adelaide Thunderbirds,51,41,Central Pulse,ETSA Park,2011.0,14,2011-03-05,1465.4874062480096,1476.970369473068,1474.2429075279067,1468.214868193171,48.333333333333336,43.666666666666664,60.4,48.0,1
15,Queensland Firebirds,51,36,Southern Steel,Brisbane Convention and Exhibition Centre,2011.0,15,2011-03-06,1538.6100972823356,1483.893914059239,1547.1006321544066,1475.403379187168,48.333333333333336,38.333333333333336,42.333333333333336,59.0,1
16,Northern Mystics,56,54,Melbourne Vixens,Trusts Stadium,2011.0,16,2011-03-06,1514.097337499634,1517.4730094636586,1518.0378920322153,1513.5324549310774,47.0,65.0,41.0,48.0,1
17,Canterbury Tactix,56,63,Waikato Bay of Plenty Magic,Energy Events Centre (Note 6),2011.0,17,2011-03-07,1490.7514442031413,1525.0383789680589,1481.7478906692984,1534.0419325019018,39.666666666666664,47.333333333333336,54.0,48.0,0
18,New South Wales Swifts,55,51,West Coast Fever,Sydney Olympic Park Sports Centre,2011.0,18,2011-03-07,1519.9026188637993,1467.7754239390556,1523.938977076279,1463.739065726576,60.666666666666664,48.333333333333336,43.666666666666664,56.0,1
19,Melbourne Vixens,70,39,West Coast Fever,State Netball and Hockey Centre,2011.0,19,2011-03-12,1513.5324549310774,1463.739065726576,1527.9788600171275,1449.2926606405258,59.25,49.0,51.5,59.5,1
20,Adelaide Thunderbirds,42,64,Queensland Firebirds,ETSA Park,2011.0,20,2011-03-13,1474.2429075279067,1547.1006321544066,1457.8808207204654,1563.462718961848,40.75,57.0,57.166666666666664,48.5,0
21,Waikato Bay of Plenty Magic,46,47,Northern Mystics,Mystery Creek Events Centre,2011.0,21,2011-03-13,1534.0419325019018,1518.0378920322153,1528.965396731141,1523.114427802976,44.25,50.0,43.75,51.25,0
22,Southern Steel,50,44,Central Pulse,Invercargill ILT Velodrome,2011.0,22,2011-03-14,1475.403379187168,1468.214868193171,1481.4324074704352,1462.1858399099037,49.0,43.0,49.0,37.75,1
23,New South Wales Swifts,54,45,Canterbury Tactix,Sydney Olympic Park Sports Centre,2011.0,23,2011-03-14,1523.938977076279,1481.7478906692984,1530.4403815398016,1475.2464862057757,58.5,52.0,45.5,55.75,1
24,West Coast Fever,49,70,New South Wales Swifts,Challenge Stadium,2011.0,24,2011-03-17,1449.2926606405258,1530.4403815398016,1433.9344211580808,1545.7986210222466,45.4,55.4,61.4,47.0,0
25,West Coast Fever,50,47,Southern Steel,Challenge Stadium,2011.0,25,2011-03-19,1433.9344211580808,1481.4324074704352,1439.3866648170617,1475.9801638114543,48.0,40.2,62.833333333333336,47.333333333333336,1
26,New South Wales Swifts,53,57,Queensland Firebirds,Sydney Olympic Park Sports Centre,2011.0,26,2011-03-20,1545.7986210222466,1563.462718961848,1538.6475801998797,1570.6137597842148,41.0,58.4,46.0,57.833333333333336,0
27,Central Pulse,46,43,Canterbury Tactix,Arena Manawatu,2011.0,27,2011-03-20,1462.1858399099037,1475.2464862057757,1466.9336373654219,1470.4986887502575,57.0,49.666666666666664,49.2,43.2,1
28,Waikato Bay of Plenty Magic,53,41,Melbourne Vixens,"Mystery Creek Events Centre, Hamilton",2011.0,28,2011-03-21,1528.965396731141,1527.9788600171275,1538.2814874442745,1518.662769303994,47.333333333333336,63.0,44.4,50.2,1
29,Adelaide Thunderbirds,57,55,Northern Mystics,ETSA Park,2011.0,29,2011-03-21,1457.8808207204654,1523.114427802976,1462.923467139878,1518.0717813835633,44.6,49.4,58.142857142857146,47.57142857142857,1
30,Northern Mystics,52,61,Queensland Firebirds,Trusts Stadium,2011.0,30,2011-03-26,1518.0717813835633,1570.6137597842148,1508.288434178042,1580.3971069897361,43.0,58.166666666666664,46.666666666666664,50.333333333333336,0
31,Melbourne Vixens,65,50,Canterbury Tactix,Hisense Arena,2011.0,31,2011-03-27,1518.662769303994,1470.4986887502575,1527.4134573049482,1461.7480007493034,54.25,48.0,48.75,57.5,1
32,Central Pulse,43,48,New South Wales Swifts,TSB Bank Arena,2011.0,32,2011-03-27,1466.9336373654219,1538.6475801998797,1460.3300855541825,1545.2511320111191,47.57142857142857,57.142857142857146,48.166666666666664,43.666666666666664,0
33,Southern Steel,52,48,Adelaide Thunderbirds,Invercargill ILT Velodrome,2011.0,33,2011-03-28,1475.9801638114543,1462.923467139878,1480.7878036389266,1458.1158273124058,57.75,48.75,48.333333333333336,41.333333333333336,1
34,West Coast Fever,41,42,Waikato Bay of Plenty Magic,Challenge Stadium,2011.0,34,2011-03-28,1439.3866648170617,1538.2814874442745,1435.9625806330234,1541.7055716283128,43.833333333333336,50.666666666666664,60.57142857142857,47.714285714285715,0
35,Canterbury Tactix,49,44,Southern Steel,CBS Canterbury Arena,2011.0,35,2011-03-31,1461.7480007493034,1480.7878036389266,1467.8736452975124,1474.6621590907178,48.285714285714285,42.857142857142854,56.4,48.4,1
36,Melbourne Vixens,42,52,Queensland Firebirds,State Netball and Hockey Centre,2011.0,36,2011-03-31,1527.4134573049482,1580.3971069897361,1516.9993125994395,1590.811251695245,44.285714285714285,58.57142857142857,49.0,59.0,0
37,Northern Mystics,61,48,Central Pulse,Trusts Stadium,2011.0,37,2011-04-02,1508.288434178042,1460.3300855541825,1516.2597439899919,1452.3587757422326,48.142857142857146,43.57142857142857,48.714285714285715,50.57142857142857,1
38,Melbourne Vixens,42,33,Southern Steel,Hisense Arena,2011.0,38,2011-04-03,1516.9993125994395,1474.6621590907178,1523.496403766692,1468.1650679234651,48.375,43.0,49.5,56.166666666666664,1
39,Canterbury Tactix,56,59,Adelaide Thunderbirds,CBS Canterbury Arena,2011.0,39,2011-04-03,1467.8736452975124,1458.1158273124058,1460.9832105633475,1465.0062620465708,57.111111111111114,48.666666666666664,54.333333333333336,48.5,0
40,Central Pulse,63,61,West Coast Fever,Te Rauparaha Arena,2011.0,40,2011-04-04,1452.3587757422326,1435.9625806330234,1455.9788831184107,1432.3424732568453,58.25,46.875,49.75,44.125,1
41,Queensland Firebirds,53,49,Waikato Bay of Plenty Magic,Brisbane Convention and Exhibition Centre,2011.0,41,2011-04-04,1590.811251695245,1541.7055716283128,1594.9041107273233,1537.6127125962344,43.42857142857143,49.42857142857143,44.0,57.75,1
42,Canterbury Tactix,45,58,Northern Mystics,Vector Arena,2011.0,42,2011-04-07,1460.9832105633475,1516.2597439899919,1448.7860754533704,1528.456879099969,48.625,51.875,55.0,49.57142857142857,0
43,Southern Steel,49,40,Canterbury Tactix,Edgar Centre,2011.0,43,2011-04-09,1468.1650679234651,1448.7860754533704,1475.3633154503175,1441.587827926518,55.375,49.0,47.666666666666664,41.888888888888886,1
44,Melbourne Vixens,55,53,Adelaide Thunderbirds,Hisense Arena,2011.0,44,2011-04-10,1523.496403766692,1465.0062620465708,1526.490642255889,1462.0120235573738,57.0,49.7,47.142857142857146,54.142857142857146,1
45,Central Pulse,44,61,Queensland Firebirds,Te Rauparaha Arena,2011.0,45,2011-04-10,1455.9788831184107,1594.9041107273233,1445.414349501567,1605.4686443441672,44.55555555555556,57.22222222222222,51.0,46.22222222222222,0
46,Waikato Bay of Plenty Magic,46,53,New South Wales Swifts,Queen Elizabeth Youth Centre,2011.0,46,2011-04-11,1537.6127125962344,1545.2511320111191,1527.789431428218,1555.0744131791355,47.0,56.0,44.625,49.375,0
47,West Coast Fever,54,56,Northern Mystics,Challenge Stadium,2011.0,47,2011-04-11,1432.3424732568453,1528.456879099969,1428.2050630363135,1532.5942893205008,48.22222222222222,52.55555555555556,58.77777777777778,48.44444444444444,0
48,Waikato Bay of Plenty Magic,53,49,Canterbury Tactix,Energy Events Centre,2011.0,48,2011-04-14,1527.789431428218,1441.587827926518,1531.2257309809302,1438.1515283738058,54.666666666666664,48.0,45.55555555555556,49.0,1
49,Queensland Firebirds,57,36,Melbourne Vixens,Brisbane Convention and Exhibition Centre,2011.0,49,2011-04-14,1605.4686443441672,1526.490642255889,1615.0025864647587,1516.9567001352975,47.875,54.25,44.5,57.6,1
50,Adelaide Thunderbirds,57,53,New South Wales Swifts,ETSA Park,2011.0,50,2011-04-16,1462.0120235573738,1555.0744131791355,1469.3176002321682,1547.7688365043412,46.888888888888886,55.666666666666664,56.5,51.0,1
51,West Coast Fever,38,54,Melbourne Vixens,Challenge Stadium,2011.0,51,2011-04-17,1428.2050630363135,1516.9567001352975,1415.8239226170438,1529.3378405545673,48.888888888888886,52.22222222222222,58.5,49.0,0
52,Southern Steel,33,38,Waikato Bay of Plenty Magic,Invercargill ILT Velodrome,2011.0,52,2011-04-17,1475.3633154503175,1531.2257309809302,1468.37238648912,1538.2166599421278,45.9,49.4,46.9,42.6,0
53,Canterbury Tactix,45,47,Central Pulse,CBS Canterbury Arena,2011.0,53,2011-04-18,1438.1515283738058,1445.414349501567,1432.5028156894616,1451.0630621859111,52.0,46.0,54.5,48.1,0
54,New South Wales Swifts,53,46,Northern Mystics,Sydney Olympic Park Sports Centre,2011.0,54,2011-04-18,1547.7688365043412,1532.5942893205008,1554.1054480652454,1526.2576777595966,48.8,52.9,47.9,55.4,1
55,Southern Steel,39,40,New South Wales Swifts,Edgar Centre,2011.0,55,2011-04-21,1468.37238648912,1554.1054480652454,1464.7719326059678,1557.7059019483975,48.5,54.7,45.6,42.5,0
56,Melbourne Vixens,58,42,Central Pulse,Hisense Arena,2011.0,56,2011-04-23,1529.3378405545673,1451.0630621859111,1537.2732224339352,1443.1276803065432,51.1,46.3,47.8,52.4,1
57,Adelaide Thunderbirds,36,55,Waikato Bay of Plenty Magic,ETSA Park,2011.0,57,2011-04-24,1469.3176002321682,1538.2166599421278,1454.3310562469596,1553.2032039273363,45.6,48.1,55.3,52.0,0
58,Northern Mystics,62,43,Canterbury Tactix,Trusts Stadium,2011.0,58,2011-04-24,1526.2576777595966,1432.5028156894616,1534.5374659079168,1424.2230275411414,53.8,47.8,50.7,52.4,1
59,Queensland Firebirds,56,54,West Coast Fever,Brisbane Convention and Exhibition Centre,2011.0,59,2011-04-25,1615.0025864647587,1415.8239226170438,1616.4695489971746,1414.3569600846279,59.1,47.4,43.3,58.2,1
60,Canterbury Tactix,52,69,Queensland Firebirds,CBS Canterbury Arena,2011.0,60,2011-04-30,1424.2230275411414,1616.4695489971746,1415.8514952326416,1624.8410813056744,44.6,57.4,53.7,46.5,0
61,Melbourne Vixens,33,45,New South Wales Swifts,Hisense Arena,2011.0,61,2011-05-01,1537.2732224339352,1557.7059019483975,1524.234057058726,1570.7450673236067,47.3,53.9,47.3,51.7,0
62,Southern Steel,35,47,Northern Mystics,Invercargill ILT Velodrome,2011.0,62,2011-05-01,1464.7719326059678,1534.5374659079168,1453.7751154583973,1545.5342830554873,50.6,53.2,44.5,42.8,0
63,Waikato Bay of Plenty Magic,60,50,Central Pulse,Taupo Events Centre,2011.0,63,2011-05-02,1553.2032039273363,1443.1276803065432,1558.2184892263258,1438.1123950075537,52.4,46.2,45.3,49.1,1
64,Adelaide Thunderbirds,59,64,West Coast Fever,ETSA Park,2011.0,64,2011-05-02,1454.3310562469596,1414.3569600846279,1444.852929195283,1423.8350871363045,57.5,47.5,55.5,48.4,0
65,Adelaide Thunderbirds,57,40,New South Wales Swifts,Netball SA Stadium,2012.0,65,2012-03-31,1459.8896968964623,1554.308800492705,1476.8911086737096,1537.3073887154576,0.0,0.0,0.0,0.0,1
66,Queensland Firebirds,42,47,Melbourne Vixens,Brisbane Convention and Exhibition Centre,2012.0,66,2012-04-01,1594.8808109792558,1519.4255427940445,1584.4452380223352,1529.861115750965,0.0,0.0,0.0,0.0,0
67,Northern Mystics,51,47,Central Pulse,Trusts Stadium,2012.0,67,2012-04-01,1535.4007122916155,1454.8342962556653,1538.931534774261,1451.3034737730197,0.0,0.0,0.0,0.0,1
68,Southern Steel,49,47,Waikato Bay of Plenty Magic,Stadium Southland,2012.0,68,2012-04-02,1466.581336593798,1544.9138669197444,1471.8746716631458,1539.6205318503964,0.0,0.0,0.0,0.0,1
69,West Coast Fever,55,35,Canterbury Tactix,Challenge Stadium,2012.0,69,2012-04-02,1444.1263153522284,1438.1386214244812,1456.9635987376212,1425.3013380390885,0.0,0.0,0.0,0.0,1
70,Central Pulse,47,42,Southern Steel,Pettigrew Green Arena,2012.0,70,2012-04-07,1451.3034737730197,1471.8746716631458,1457.467662256552,1465.7104831796134,47.0,49.0,51.0,47.0,1
71,Queensland Firebirds,44,54,Adelaide Thunderbirds,Brisbane Convention and Exhibition Centre,2012.0,71,2012-04-08,1584.4452380223352,1476.8911086737096,1567.7710136580602,1493.5653330379846,40.0,57.0,47.0,42.0,0
72,West Coast Fever,41,50,Melbourne Vixens,Challenge Stadium,2012.0,72,2012-04-08,1456.9635987376212,1529.861115750965,1447.8693187020203,1538.9553957865658,42.0,47.0,35.0,55.0,0
73,Waikato Bay of Plenty Magic,41,47,Northern Mystics,Claudelands Arena,2012.0,73,2012-04-08,1539.6205318503964,1538.931534774261,1530.3521276250426,1548.199938999615,47.0,51.0,49.0,47.0,0
74,Canterbury Tactix,54,51,New South Wales Swifts,CBS Canterbury Arena,2012.0,74,2012-04-09,1425.3013380390885,1537.3073887154576,1432.1984730874035,1530.4102536671426,57.0,40.0,55.0,35.0,1
75,Queensland Firebirds,58,32,Central Pulse,Brisbane Convention and Exhibition Centre,2012.0,75,2012-04-15,1567.7710136580602,1457.467662256552,1577.2894744790071,1447.9492014356051,46.5,47.0,50.5,43.0,1
76,Adelaide Thunderbirds,34,48,Melbourne Vixens,Netball SA Stadium,2012.0,76,2012-04-15,1493.5653330379846,1538.9553957865658,1480.3122242867425,1552.2085045378078,41.5,48.5,42.0,55.5,0
77,Canterbury Tactix,53,55,Southern Steel,CBS Canterbury Arena,2012.0,77,2012-04-15,1432.1984730874035,1465.7104831796134,1427.0137781391034,1470.8951781279136,47.0,45.5,53.0,44.5,0
78,Northern Mystics,52,45,West Coast Fever,Trusts Stadium,2012.0,78,2012-04-16,1548.199938999615,1447.8693187020203,1552.4665906835342,1443.602667018101,42.5,48.0,44.0,49.0,1
79,New South Wales Swifts,49,47,Waikato Bay of Plenty Magic,Sydney Olympic Park Sports Centre,2012.0,79,2012-04-16,1530.4102536671426,1530.3521276250426,1534.2939817559632,1526.468399536222,48.0,44.0,55.5,45.5,1
80,Southern Steel,53,56,West Coast Fever,Lion Foundation Arena,2012.0,80,2012-04-21,1470.8951781279136,1443.602667018101,1463.635083453054,1450.8627616929607,45.666666666666664,47.0,49.0,48.666666666666664,0
81,Melbourne Vixens,40,39,Waikato Bay of Plenty Magic,Hisense Arena,2012.0,81,2012-04-22,1552.2085045378078,1526.468399536222,1555.1149307677676,1523.5619733062622,48.333333333333336,45.0,39.0,48.333333333333336,1
82,New South Wales Swifts,54,49,Queensland Firebirds,Sydney Olympic Park Sports Centre,2012.0,82,2012-04-22,1534.2939817559632,1577.2894744790071,1541.0375673299043,1570.545888905066,44.333333333333336,48.0,52.666666666666664,46.666666666666664,1
83,Northern Mystics,48,50,Adelaide Thunderbirds,Trusts Stadium,2012.0,83,2012-04-22,1552.4665906835342,1480.3122242867425,1545.3629360551154,1487.4158789151613,44.0,48.333333333333336,44.333333333333336,50.0,0
84,Central Pulse,50,45,Canterbury Tactix,Te Rauparaha Arena,2012.0,84,2012-04-23,1447.9492014356051,1427.0137781391034,1453.117974646132,1421.8450049285764,53.666666666666664,47.333333333333336,50.333333333333336,42.0,1
85,West Coast Fever,36,48,Adelaide Thunderbirds,Challenge Stadium,2012.0,85,2012-04-29,1450.8627616929607,1487.4158789151613,1438.5043827184081,1499.774257889714,45.0,48.75,47.5,49.25,0
86,Melbourne Vixens,52,51,Queensland Firebirds,Hisense Arena,2012.0,86,2012-04-29,1555.1149307677676,1570.545888905066,1558.5813269563262,1567.0794927165075,46.75,48.25,39.0,46.25,1
87,Central Pulse,47,51,Northern Mystics,Arena Manawatu,2012.0,87,2012-04-29,1453.117974646132,1545.3629360551154,1447.6217063003921,1550.8592044008553,45.75,49.5,49.0,44.0,0
88,Waikato Bay of Plenty Magic,61,52,Canterbury Tactix,Energy Events Centre,2012.0,88,2012-04-30,1523.5619733062622,1421.8450049285764,1528.465034853186,1416.9419433816527,52.75,46.75,46.25,43.5,1
89,Queensland Firebirds,68,59,Southern Steel,Brisbane Convention and Exhibition Centre,2013.0,89,2013-03-24,1551.5596195373805,1473.9763125897905,1557.0720816641979,1468.4638504629731,0.0,0.0,0.0,0.0,1
90,Adelaide Thunderbirds,49,42,Central Pulse,Netball SA Stadium,2013.0,90,2013-03-24,1501.0806934172854,1461.966279725294,1506.7786392009166,1456.2683339416628,0.0,0.0,0.0,0.0,1
91,Canterbury Tactix,46,69,Waikato Bay of Plenty Magic,Trafalgar Centre,2013.0,91,2013-03-24,1438.9564575362394,1522.5987761398894,1422.7346368126468,1538.820596863482,0.0,0.0,0.0,0.0,0
92,Northern Mystics,46,60,Melbourne Vixens,Trusts Stadium,2013.0,92,2013-03-25,1539.3944033006414,1545.1859952172447,1524.2882809732016,1560.2921175446845,0.0,0.0,0.0,0.0,0
93,New South Wales Swifts,55,41,West Coast Fever,Sydney Olympic Park Sports Centre,2013.0,93,2013-03-25,1532.0281754974283,1455.128287038806,1539.3358198689846,1447.8206426672498,0.0,0.0,0.0,0.0,1
94,Canterbury Tactix,56,75,Southern Steel,CBS Canterbury Arena,2013.0,94,2013-03-30,1422.7346368126468,1468.4638504629731,1406.4646313148428,1484.7338559607772,68.0,59.0,69.0,46.0,0
95,Melbourne Vixens,58,44,Adelaide Thunderbirds,Hisense Arena,2013.0,95,2013-03-31,1560.2921175446845,1506.7786392009166,1568.4483873321865,1498.6223694134146,42.0,49.0,46.0,60.0,1
96,West Coast Fever,80,53,Northern Mystics,Challenge Stadium,2013.0,96,2013-03-31,1447.8206426672498,1524.2882809732016,1469.8643645054228,1502.2445591350286,60.0,46.0,55.0,41.0,1
97,Waikato Bay of Plenty Magic,61,35,New South Wales Swifts,ASB Baypark Arena,2013.0,97,2013-03-31,1538.820596863482,1539.3358198689846,1554.7077898965667,1523.4486268358999,41.0,55.0,46.0,69.0,1
98,Central Pulse,56,58,Queensland Firebirds,Te Rauparaha Arena,2013.0,98,2013-04-01,1456.2683339416628,1557.0720816641979,1452.2052031355145,1561.1352124703462,59.0,68.0,49.0,42.0,0
99,Southern Steel,54,60,Adelaide Thunderbirds,Lion Foundation Arena,2013.0,99,2013-04-06,1484.7338559607772,1498.6223694134146,1475.883059180801,1507.4731661933909,50.0,46.5,62.0,67.0,0
100,West Coast Fever,57,51,Waikato Bay of Plenty Magic,Challenge Stadium,2013.0,100,2013-04-07,1469.8643645054228,1554.7077898965667,1478.5382035164398,1546.0339508855498,40.5,65.0,54.0,60.5,1
101,Northern Mystics,51,72,Queensland Firebirds,Trusts Stadium,2013.0,101,2013-04-07,1502.2445591350286,1561.1352124703462,1485.588692269421,1577.7910793359538,57.5,63.0,70.0,49.5,0
102,Central Pulse,55,49,New South Wales Swifts,TSB Bank Arena,2013.0,102,2013-04-08,1452.2052031355145,1523.4486268358999,1460.4582413190542,1515.1955886523601,51.0,45.0,53.5,49.0,1
103,Melbourne Vixens,60,40,Canterbury Tactix,Hisense Arena,2013.0,103,2013-04-08,1568.4483873321865,1406.4646313148428,1574.5161564368063,1400.396862210223,72.0,51.0,45.0,59.0,1
104,Adelaide Thunderbirds,72,46,West Coast Fever,Netball SA Stadium,2013.0,104,2013-04-14,1507.4731661933909,1478.5382035164398,1521.4519723162382,1464.5593973935925,53.0,59.333333333333336,51.333333333333336,51.0,1
105,Central Pulse,59,56,Southern Steel,Arena Manawatu,2013.0,105,2013-04-14,1460.4582413190542,1475.883059180801,1465.2527068005045,1471.0885936993507,61.333333333333336,62.666666666666664,52.0,51.0,1
106,Canterbury Tactix,80,78,Northern Mystics,CBS Canterbury Arena,2013.0,106,2013-04-15,1400.396862210223,1485.588692269421,1405.823597995361,1480.1619564842829,70.66666666666667,50.0,68.0,47.333333333333336,1
107,New South Wales Swifts,53,61,Queensland Firebirds,Sydney Olympic Park Sports Centre,2013.0,107,2013-04-15,1515.1955886523601,1577.7910793359538,1506.3898894923643,1586.5967784959496,55.333333333333336,66.0,52.333333333333336,46.333333333333336,0
108,Mainland Tactix,46,70,Waikato Bay of Plenty Magic,CBS Canterbury Arena,2014.0,108,2014-03-01,1500,1535.7754631641624,1480.1700064982306,1555.6054566659318,0.0,0.0,0.0,0.0,0
109,New South Wales Swifts,54,51,West Coast Fever,Sydney Olympic Park Sports Centre,2014.0,109,2014-03-02,1506.0424171192733,1474.6695480451945,1509.9630070429355,1470.7489581215323,0.0,0.0,0.0,0.0,1
110,Melbourne Vixens,58,34,Northern Mystics,Hisense Arena,2014.0,110,2014-03-02,1557.1371173276048,1486.371467363212,1568.0308152680877,1475.4777694227291,0.0,0.0,0.0,0.0,1
111,Southern Steel,44,60,Queensland Firebirds,Stadium Southland Velodrome,2014.0,111,2014-03-02,1479.566445274513,1566.1975838719623,1467.0856524678575,1578.6783766786177,0.0,0.0,0.0,0.0,0
112,Central Pulse,44,45,Adelaide Thunderbirds,TSB Bank Arena,2014.0,112,2014-03-03,1475.1895301003783,1517.3389792371786,1470.9778870469631,1521.5506222905938,0.0,0.0,0.0,0.0,0
113,Central Pulse,67,56,Southern Steel,TSB Bank Arena,2014.0,113,2014-03-08,1470.9778870469631,1467.0856524678575,1479.6852560868158,1458.3782834280048,60.0,44.0,45.0,44.0,1
114,West Coast Fever,56,65,Melbourne Vixens,Challenge Stadium,2014.0,114,2014-03-09,1470.7489581215323,1568.0308152680877,1462.4514883341178,1576.3282850555022,34.0,58.0,54.0,51.0,0
115,Queensland Firebirds,48,55,Adelaide Thunderbirds,Brisbane Convention & Exhibition Centre,2014.0,115,2014-03-09,1578.6783766786177,1521.5506222905938,1566.795963898775,1533.4330350704365,44.0,45.0,44.0,60.0,0
116,Mainland Tactix,57,68,New South Wales Swifts,CBS Canterbury Arena,2014.0,116,2014-03-09,1480.1700064982306,1509.9630070429355,1468.20643621451,1521.9265773266561,51.0,54.0,70.0,46.0,0
117,Northern Mystics,36,50,Waikato Bay of Plenty Magic,The Trusts Arena,2014.0,117,2014-03-10,1475.4777694227291,1555.6054566659318,1463.7778671749006,1567.3053589137603,46.0,70.0,58.0,34.0,0
118,West Coast Fever,79,43,Mainland Tactix,Challenge Stadium,2014.0,118,2014-03-16,1462.4514883341178,1468.20643621451,1483.0379697330834,1447.6199548155444,69.0,51.5,59.5,53.5,1
119,Melbourne Vixens,47,48,Queensland Firebirds,Hisense Arena,2014.0,119,2014-03-16,1576.3282850555022,1566.795963898775,1571.3500485354748,1571.7742004188024,49.5,54.0,45.0,61.5,0
120,Northern Mystics,47,53,Central Pulse,The Trusts Arena,2014.0,120,2014-03-16,1463.7778671749006,1479.6852560868158,1454.9844955083167,1488.4786277533997,50.5,55.5,54.0,35.0,0
121,Adelaide Thunderbirds,50,49,New South Wales Swifts,Netball SA Stadium,2014.0,121,2014-03-17,1533.4330350704365,1521.9265773266561,1536.5263055724295,1518.8333068246632,54.0,61.0,46.0,50.0,1
122,Waikato Bay of Plenty Magic,61,57,Southern Steel,Claudelands Arena,2014.0,122,2014-03-17,1567.3053589137603,1458.3782834280048,1570.3793362994113,1455.3043060423538,63.5,50.0,41.0,60.0,1
123,Southern Steel,66,65,West Coast Fever,Stadium Southland Velodrome,2014.0,123,2014-03-22,1455.3043060423538,1483.0379697330834,1458.9492578518018,1479.3930179236354,54.0,62.0,62.666666666666664,52.333333333333336,1
124,New South Wales Swifts,53,48,Queensland Firebirds,Sydney Olympic Park Sports Centre,2014.0,124,2014-03-23,1518.8333068246632,1571.7742004188024,1525.8424914675397,1564.7650157759258,48.666666666666664,52.0,52.666666666666664,57.0,1
125,Melbourne Vixens,44,49,Waikato Bay of Plenty Magic,Hisense Arena,2014.0,125,2014-03-23,1571.3500485354748,1570.3793362994113,1562.9077015662217,1578.8216832686644,46.333333333333336,60.333333333333336,46.0,56.666666666666664,0
126,Central Pulse,53,55,Mainland Tactix,Pettigrew Green Arena,2014.0,126,2014-03-23,1488.4786277533997,1447.6199548155444,1481.9546463186034,1454.1439362503406,72.33333333333333,48.666666666666664,49.333333333333336,54.666666666666664,0
127,Northern Mystics,71,68,Adelaide Thunderbirds,The Trusts Arena,2014.0,127,2014-03-24,1454.9844955083167,1536.5263055724295,1461.1810594606384,1530.3297416201078,47.0,50.0,53.666666666666664,39.0,1
128,Adelaide Thunderbirds,59,61,Southern Steel,Netball SA Stadium,2014.0,128,2014-03-30,1530.3297416201078,1458.9492578518018,1523.2404793817086,1466.038520090201,63.25,55.75,53.0,54.5,0
129,Queensland Firebirds,58,50,Northern Mystics,Brisbane Convention and Exhibition Centre,2014.0,129,2014-03-30,1564.7650157759258,1461.1810594606384,1569.2964514842934,1456.6496237522708,57.25,47.0,49.75,51.0,1
130,Waikato Bay of Plenty Magic,65,48,West Coast Fever,ASB Arena,2014.0,130,2014-03-30,1578.8216832686644,1479.3930179236354,1586.2833766516555,1471.9313245406443,57.0,62.75,45.75,57.5,1
131,Mainland Tactix,43,67,Melbourne Vixens,CBS Canterbury Arena,2014.0,131,2014-03-31,1454.1439362503406,1562.9077015662217,1438.9645940938435,1578.0870437227188,46.75,53.5,67.5,50.25,0
132,New South Wales Swifts,63,45,Central Pulse,Sydney Olympic Park Sports Centre,2014.0,132,2014-03-31,1525.8424914675397,1481.9546463186034,1535.9370096026319,1471.8601281835113,50.75,54.25,51.5,56.0,1
133,West Coast Fever,53,51,Adelaide Thunderbirds,Challenge Stadium,2014.0,133,2014-04-06,1471.9313245406443,1523.2404793817086,1476.7136734537294,1518.4581304686235,54.6,55.4,58.6,59.8,1
134,Southern Steel,61,67,Northern Mystics,Stadium Southland Velodrome,2014.0,134,2014-04-06,1466.038520090201,1456.6496237522708,1456.5186316049221,1466.1695122375497,57.4,47.6,62.4,56.8,0
135,Waikato Bay of Plenty Magic,53,56,Central Pulse,Claudelands Arena,2014.0,135,2014-04-07,1586.2833766516555,1471.8601281835113,1577.1521563931537,1480.991348442013,53.2,52.4,46.2,59.0,0
136,Queensland Firebirds,38,50,Melbourne Vixens,Brisbane Convention & Exhibition Centre,2014.0,136,2014-04-07,1569.2964514842934,1578.0870437227188,1555.7588692970617,1591.6246259099505,46.0,56.2,49.8,52.4,0
137,Adelaide Thunderbirds,44,45,Waikato Bay of Plenty Magic,Netball SA Stadium,2015.0,137,2015-02-28,1515.0935978514676,1559.1141172948653,1510.9089546746682,1563.2987604716648,0.0,0.0,0.0,0.0,0
138,Queensland Firebirds,50,57,West Coast Fever,Brisbane Convention and Exhibition Centre,2015.0,138,2015-03-01,1543.0691519727961,1483.7852550902971,1531.1171517325085,1495.7372553305847,0.0,0.0,0.0,0.0,0
139,Melbourne Vixens,64,40,Central Pulse,Margaret Court Arena,2015.0,139,2015-03-01,1569.9684694324628,1486.9935113315098,1580.245369521766,1476.7166112422067,0.0,0.0,0.0,0.0,1
140,Southern Steel,62,68,New South Wales Swifts,Stadium Southland,2015.0,140,2015-03-01,1468.6389737036916,1528.2027572019738,1461.0575422277398,1535.7841886779256,0.0,0.0,0.0,0.0,0
141,Mainland Tactix,53,59,Northern Mystics,Horncastle Arena,2015.0,141,2015-03-02,1455.4734455703826,1475.8771341781624,1446.8075807817386,1484.5429989668064,0.0,0.0,0.0,0.0,0
142,Southern Steel,68,54,Mainland Tactix,Stadium Southland,2015.0,142,2015-03-07,1461.0575422277398,1446.8075807817386,1470.7841779475539,1437.0809450619245,59.0,53.0,68.0,62.0,1
143,Melbourne Vixens,48,39,Adelaide Thunderbirds,Hisense Arena,2015.0,143,2015-03-08,1580.245369521766,1510.9089546746682,1585.9781486133406,1505.1761755830935,45.0,44.0,40.0,64.0,1
144,West Coast Fever,67,51,Northern Mystics,HBF Stadium,2015.0,144,2015-03-08,1495.7372553305847,1484.5429989668064,1506.5108147254007,1473.7694395719905,53.0,59.0,50.0,57.0,1
145,Central Pulse,46,52,Queensland Firebirds,Te Rauparaha Arena,2015.0,145,2015-03-08,1476.7166112422067,1531.1171517325085,1468.9951801462541,1538.838582828461,57.0,50.0,64.0,40.0,0
146,Waikato Bay of Plenty Magic,43,48,New South Wales Swifts,ASB Arena,2015.0,146,2015-03-09,1563.2987604716648,1535.7841886779256,1554.1539516967957,1544.9289974527946,62.0,68.0,44.0,45.0,0
147,West Coast Fever,67,60,Southern Steel,HBF Stadium,2015.0,147,2015-03-14,1506.5108147254007,1470.7841779475539,1512.2964873510723,1464.9985053218822,61.0,65.0,50.5,62.0,1
148,New South Wales Swifts,47,47,Queensland Firebirds,Sydney Olympic Park Sports Centre,2015.0,148,2015-03-15,1544.9289974527946,1538.838582828461,1541.015592771252,1542.7519875100038,51.5,51.0,52.5,58.0,0
149,Adelaide Thunderbirds,51,51,Northern Mystics,Netball SA Stadium,2015.0,149,2015-03-15,1505.1761755830935,1473.7694395719905,1500.956230709474,1477.9893844456099,60.0,55.0,46.5,41.5,0
150,Waikato Bay of Plenty Magic,48,51,Melbourne Vixens,ASB Arena,2015.0,150,2015-03-15,1554.1539516967957,1585.9781486133406,1548.1210031273454,1592.011097182791,39.5,56.0,46.0,44.0,0
151,Mainland Tactix,41,48,Central Pulse,Horncastle Arena,2015.0,151,2015-03-16,1437.0809450619245,1468.9951801462541,1428.00529895596,1478.0708262522187,58.0,43.0,63.5,53.5,0
152,Adelaide Thunderbirds,47,45,Melbourne Vixens,Netball SA Stadium,2015.0,152,2015-03-22,1500.956230709474,1592.011097182791,1506.4980968796065,1586.4692310126586,42.333333333333336,54.333333333333336,48.0,44.666666666666664,1
153,Waikato Bay of Plenty Magic,52,49,Mainland Tactix,Claudelands Arena,2015.0,153,2015-03-22,1548.1210031273454,1428.00529895596,1550.6903778546673,1425.435924228638,58.333333333333336,49.333333333333336,47.666666666666664,45.333333333333336,1
154,Northern Mystics,49,44,Central Pulse,The Trusts Arena,2015.0,154,2015-03-23,1477.9893844456099,1478.0708262522187,1483.649195676369,1472.4110150214597,52.333333333333336,44.666666666666664,57.0,53.666666666666664,1
155,New South Wales Swifts,59,59,West Coast Fever,Sydney Olympic Park Sports Centre,2015.0,155,2015-03-23,1541.015592771252,1512.2964873510723,1536.8283976793284,1516.4836824429958,53.666666666666664,63.666666666666664,50.666666666666664,54.333333333333336,0
156,Northern Mystics,57,58,Southern Steel,The Trusts Arena,2016.0,156,2016-04-01,1488.9868967572766,1474.9988789914116,1483.941026017277,1480.0447497314112,0.0,0.0,0.0,0.0,0
157,Queensland Firebirds,70,55,Canterbury Tactix,Brisbane Convention and Exhibition Centre,2016.0,157,2016-04-01,1533.3139906325027,1430.617698496521,1540.0630452448818,1423.8686438841419,0.0,0.0,0.0,0.0,1
158,West Coast Fever,63,44,Adelaide Thunderbirds,HBF Stadium,2016.0,158,2016-04-02,1513.6127618322469,1506.123572659705,1525.921980200637,1493.8143542913147,0.0,0.0,0.0,0.0,1
159,New South Wales Swifts,57,42,Melbourne Vixens,Sydney Olympic Park Sports Centre,2016.0,159,2016-04-03,1528.8712982594964,1566.101923259494,1541.4827106076239,1553.4905109113665,0.0,0.0,0.0,0.0,1
160,Central Pulse,57,56,Waikato Bay of Plenty Magic,TSB Bank Arena,2016.0,160,2016-04-04,1480.5582612660946,1539.2677833910004,1484.6737887919319,1535.1522558651632,0.0,0.0,0.0,0.0,1
161,New South Wales Swifts,78,50,Waikato Bay of Plenty Magic,Sydney Olympic Park Sports Centre,2016.0,161,2016-04-09,1541.4827106076239,1535.1522558651632,1557.7584974988422,1518.8764689739448,57.0,56.0,42.0,57.0,1
162,Adelaide Thunderbirds,44,59,Melbourne Vixens,Titanium Security Arena,2016.0,162,2016-04-10,1493.8143542913147,1553.4905109113665,1480.6196011198394,1566.6852640828417,57.0,42.0,63.0,44.0,0
163,Southern Steel,58,58,Canterbury Tactix,Stadium Southland,2016.0,163,2016-04-10,1480.0447497314112,1423.8686438841419,1475.5212128915618,1428.3921807239913,70.0,55.0,57.0,58.0,0
164,Northern Mystics,44,54,West Coast Fever,The Trusts Arena,2016.0,164,2016-04-11,1483.941026017277,1525.921980200637,1473.1214758780657,1536.7415303398484,44.0,63.0,58.0,57.0,0
165,Queensland Firebirds,61,45,Central Pulse,Brisbane Convention and Exhibition Centre,2016.0,165,2016-04-11,1540.0630452448818,1484.6737887919319,1548.901296511039,1475.8355375257747,56.0,57.0,55.0,70.0,1
166,Melbourne Vixens,47,58,Queensland Firebirds,Hisense Arena,2016.0,166,2016-04-16,1566.6852640828417,1548.901296511039,1552.7814302342542,1562.8051303596264,50.0,65.5,50.5,50.5,0
167,New South Wales Swifts,68,44,Adelaide Thunderbirds,Sydney Olympic Park Sports Centre,2016.0,167,2016-04-17,1557.7584974988422,1480.6196011198394,1568.3270045485692,1470.0510940701124,61.0,44.0,46.0,67.5,1
168,West Coast Fever,64,50,Canterbury Tactix,HBF Stadium,2016.0,168,2016-04-17,1536.7415303398484,1428.3921807239913,1543.010963829236,1422.1227472346036,64.0,56.5,44.0,58.5,1
169,Waikato Bay of Plenty Magic,53,63,Southern Steel,Energy Events Centre,2016.0,169,2016-04-17,1518.8764689739448,1475.5212128915618,1504.765901875414,1489.6317799900926,57.5,58.0,67.5,53.0,0
170,Central Pulse,52,52,Northern Mystics,TSB Bank Arena,2016.0,170,2016-04-18,1475.8355375257747,1473.1214758780657,1471.9626426040015,1476.9943707998389,56.0,50.5,58.5,51.0,0
171,Adelaide Thunderbirds,46,58,Queensland Firebirds,Priceline Stadium,2016.0,171,2016-04-23,1470.0510940701124,1562.8051303596264,1459.95813526049,1572.8980891692488,49.0,63.0,63.333333333333336,44.0,0
172,West Coast Fever,52,63,New South Wales Swifts,HBF Stadium,2016.0,172,2016-04-24,1543.010963829236,1568.3270045485692,1530.8682851653552,1580.46968321245,45.333333333333336,67.66666666666667,46.0,60.333333333333336,0
173,Southern Steel,67,54,Central Pulse,Stadium Southland,2016.0,173,2016-04-24,1489.6317799900926,1471.9626426040015,1498.7608762688665,1462.8335463252276,56.333333333333336,51.333333333333336,56.0,59.666666666666664,1
174,Canterbury Tactix,56,55,Northern Mystics,Horncastle Arena,2016.0,174,2016-04-25,1422.1227472346036,1476.9943707998389,1426.1784183872846,1472.9386996471578,54.666666666666664,51.0,64.0,54.333333333333336,1
175,Giants Netball,58,53,New South Wales Swifts,Sydney Olympic Park Sports Centre,2017.0,175,2017-02-18,1500,1561.6022624093375,1507.2445816428421,1554.3576807664954,0.0,0.0,0.0,0.0,1
176,Melbourne Vixens,58,55,Collingwood Magpies,Hisense Arena,2017.0,176,2017-02-18,1540.8360726756907,1500,1544.593182574155,1496.2428901015357,0.0,0.0,0.0,0.0,1
177,Queensland Firebirds,56,56,Sunshine Coast Lightning,Brisbane Entertainment Centre,2017.0,177,2017-02-18,1555.9235668769365,1500,1551.4031389297404,1504.5204279471961,0.0,0.0,0.0,0.0,0
178,Adelaide Thunderbirds,56,51,West Coast Fever,Priceline Stadium,2017.0,178,2017-02-19,1471.2186014453675,1524.4012138740163,1478.2343045999744,1517.3855107194095,0.0,0.0,0.0,0.0,1
179,New South Wales Swifts,54,44,Adelaide Thunderbirds,Qudos Bank Arena,2017.0,179,2017-02-25,1554.3576807664954,1478.2343045999744,1560.275778381257,1472.3162069852128,51.0,56.0,58.0,53.0,1
180,Giants Netball,66,51,West Coast Fever,Qudos Bank Arena,2017.0,180,2017-02-25,1507.2445816428421,1517.3855107194095,1518.540410456463,1506.0896819057887,56.0,51.0,53.0,58.0,1
181,Queensland Firebirds,50,54,Collingwood Magpies,Brisbane Convention & Exhibition Centre,2017.0,181,2017-02-25,1551.4031389297404,1496.2428901015357,1542.5181398618938,1505.1278891693823,58.0,55.0,56.0,56.0,0
182,Sunshine Coast Lightning,58,52,Melbourne Vixens,University of the Sunshine Coast Stadium,2017.0,182,2017-02-26,1504.5204279471961,1544.593182574155,1511.845651633737,1537.2679588876142,55.0,58.0,56.0,56.0,1
183,West Coast Fever,47,60,Queensland Firebirds,Perth Arena,2017.0,183,2017-03-03,1506.0896819057887,1542.5181398618938,1493.0709747958072,1555.5368469718753,55.0,53.0,61.0,51.0,0
184,Collingwood Magpies,51,59,Giants Netball,Hisense Arena,2017.0,184,2017-03-04,1505.1278891693823,1518.540410456463,1494.7198936432324,1528.948405982613,52.0,62.0,54.0,54.5,0
185,Melbourne Vixens,59,59,New South Wales Swifts,Hisense Arena,2017.0,185,2017-03-04,1537.2679588876142,1560.275778381257,1533.7000742608313,1563.8436630080398,51.0,53.5,56.5,55.0,0
186,Adelaide Thunderbirds,42,51,Sunshine Coast Lightning,Priceline Stadium,2017.0,186,2017-03-05,1472.3162069852128,1511.845651633737,1462.0823302194453,1522.0795283995044,54.0,57.0,52.5,50.0,0
187,Queensland Firebirds,62,53,New South Wales Swifts,Brisbane Convention & Exhibition Centre,2017.0,187,2017-03-10,1555.5368469718753,1563.8436630080398,1563.6412285301658,1555.7392814497493,53.666666666666664,55.333333333333336,52.333333333333336,55.333333333333336,1
188,Melbourne Vixens,56,45,West Coast Fever,Hisense Arena,2017.0,188,2017-03-11,1533.7000742608313,1493.0709747958072,1541.1070817395932,1485.6639673170453,60.666666666666664,49.666666666666664,57.333333333333336,56.333333333333336,1
189,Sunshine Coast Lightning,54,55,Giants Netball,University of the Sunshine Coast Stadium,2017.0,189,2017-03-11,1522.0795283995044,1528.948405982613,1517.3484173462905,1533.6795170358268,51.666666666666664,61.0,50.0,55.0,0
190,Collingwood Magpies,64,45,Adelaide Thunderbirds,Hisense Arena,2017.0,190,2017-03-12,1494.7198936432324,1462.0823302194453,1505.7432083407375,1451.0590155219402,52.0,47.333333333333336,55.666666666666664,53.333333333333336,1
191,West Coast Fever,50,45,New South Wales Swifts,HBF Stadium,2017.0,191,2017-03-17,1485.6639673170453,1555.7392814497493,1493.1423642822708,1548.2608844845238,55.75,54.75,59.5,48.5,1
192,Queensland Firebirds,50,66,Melbourne Vixens,Brisbane Entertainment Centre,2017.0,192,2017-03-18,1563.6412285301658,1541.1070817395932,1545.637641106222,1559.110669163537,54.25,56.25,52.5,57.0,0
193,Sunshine Coast Lightning,51,50,Collingwood Magpies,Brisbane Entertainment Centre,2017.0,193,2017-03-18,1517.3484173462905,1505.7432083407375,1520.440366527216,1502.651259159812,53.0,56.0,51.25,54.75,1
194,Giants Netball,53,38,Adelaide Thunderbirds,AIS Arena,2017.0,194,2017-03-19,1533.6795170358268,1451.0590155219402,1541.12220540702,1443.616327150747,55.0,46.75,52.25,59.5,1
195,West Coast Fever,49,66,Sunshine Coast Lightning,HBF Stadium,2017.0,195,2017-03-24,1493.1423642822708,1520.440366527216,1477.0956132789056,1536.4871175305811,51.0,54.0,56.6,48.8,0
196,Melbourne Vixens,59,51,Giants Netball,Hisense Arena,2017.0,196,2017-03-25,1559.110669163537,1541.12220540702,1565.8658919638087,1534.3669826067483,49.4,58.2,53.4,58.2,1
197,Adelaide Thunderbirds,39,49,Queensland Firebirds,Titanium Security Arena,2017.0,197,2017-03-25,1443.616327150747,1545.637641106222,1434.931030244259,1554.32293801271,55.2,55.6,54.6,45.0,0
198,New South Wales Swifts,54,55,Collingwood Magpies,Sydney Olympic Park Sports Centre,2017.0,198,2017-03-26,1548.2608844845238,1502.651259159812,1542.7302003065681,1508.1819433377677,52.6,54.8,54.6,52.8,0
199,New South Wales Swifts,56,59,Giants Netball,Sydney Olympic Park Sports Centre,2017.0,199,2017-04-01,1542.7302003065681,1534.3669826067483,1535.868993528058,1541.2281893852585,51.0,57.0,54.666666666666664,53.0,0
200,West Coast Fever,57,40,Adelaide Thunderbirds,Perth Arena,2017.0,200,2017-04-01,1477.0956132789056,1434.931030244259,1486.8801096212826,1425.146533901882,53.666666666666664,44.0,58.166666666666664,48.833333333333336,1
201,Sunshine Coast Lightning,60,49,Queensland Firebirds,University of the Sunshine Coast Stadium,2017.0,201,2017-04-02,1536.4871175305811,1554.32293801271,1546.0246317620379,1544.7854237812533,52.5,54.5,50.666666666666664,56.0,1
202,Collingwood Magpies,56,60,Melbourne Vixens,Hisense Arena,2017.0,202,2017-04-02,1508.1819433377677,1565.8658919638087,1501.9397223473786,1572.1081129541978,53.0,58.333333333333336,52.833333333333336,54.833333333333336,0
203,Collingwood Magpies,56,43,West Coast Fever,Hisense Arena,2017.0,203,2017-04-07,1501.9397223473786,1486.8801096212826,1511.17330654922,1477.6465254194413,55.57142857142857,50.0,53.857142857142854,55.0,1
204,Queensland Firebirds,51,55,Giants Netball,Gold Coast Convention & Exhibition Centre,2017.0,204,2017-04-08,1544.7854237812533,1541.2281893852585,1537.1374030477505,1548.8762101187613,51.714285714285715,57.285714285714285,53.57142857142857,53.714285714285715,0
205,Adelaide Thunderbirds,54,75,Melbourne Vixens,Priceline Stadium,2017.0,205,2017-04-08,1425.146533901882,1572.1081129541978,1413.3286926133665,1583.9259542427135,53.42857142857143,58.57142857142857,54.142857142857146,43.42857142857143,0
206,New South Wales Swifts,50,55,Sunshine Coast Lightning,Sydney Olympic Park Sports Centre,2017.0,206,2017-04-09,1535.868993528058,1546.0246317620379,1527.7172107152019,1554.176414574894,50.42857142857143,56.57142857142857,55.285714285714285,53.42857142857143,0
207,Sunshine Coast Lightning,59,50,Adelaide Thunderbirds,Brisbane Entertainment Centre,2017.0,207,2017-04-22,1554.176414574894,1413.3286926133665,1558.2015690328144,1409.303538155446,56.75,44.75,50.375,56.375,1
208,Queensland Firebirds,55,50,West Coast Fever,Brisbane Entertainment Centre,2017.0,208,2017-04-22,1537.1374030477505,1477.6465254194413,1541.4780891834832,1473.3058392837086,55.625,49.125,53.75,53.375,1
209,Giants Netball,56,59,Collingwood Magpies,Qudos Bank Arena,2017.0,209,2017-04-23,1548.8762101187613,1511.17330654922,1541.3949961506114,1518.6545205173697,52.5,55.125,51.625,57.0,0
210,New South Wales Swifts,54,62,Melbourne Vixens,Qudos Bank Arena,2017.0,210,2017-04-23,1527.7172107152019,1583.9259542427135,1518.7088634430302,1592.9343015148852,53.5,60.625,55.25,53.0,0
211,Melbourne Vixens,70,59,Sunshine Coast Lightning,Margaret Court Arena,2017.0,211,2017-04-29,1592.9343015148852,1558.2015690328144,1600.541004076324,1550.5948664713756,50.333333333333336,56.666666666666664,53.55555555555556,60.77777777777778,1
212,Adelaide Thunderbirds,48,51,New South Wales Swifts,Titanium Security Arena,2017.0,212,2017-04-29,1409.303538155446,1518.7088634430302,1404.7580151011703,1523.2543864973059,56.0,53.111111111111114,57.0,45.333333333333336,0
213,Collingwood Magpies,61,59,Queensland Firebirds,Silverdome,2017.0,213,2017-04-30,1518.6545205173697,1541.4780891834832,1522.9259449900871,1537.2066647107658,53.333333333333336,53.55555555555556,52.888888888888886,55.55555555555556,1
214,West Coast Fever,45,48,Giants Netball,HBF Stadium,2017.0,214,2017-04-30,1473.3058392837086,1541.3949961506114,1467.9901201749421,1546.7107152593778,52.44444444444444,56.888888888888886,55.55555555555556,49.22222222222222,0
215,New South Wales Swifts,50,48,West Coast Fever,Sydney Olympic Park Sports Centre,2017.0,215,2017-05-05,1523.2543864973059,1467.9901201749421,1526.2938079748694,1464.9506986973786,54.8,48.8,55.2,52.9,1
216,Melbourne Vixens,66,55,Queensland Firebirds,Hisense Arena,2017.0,216,2017-05-06,1600.541004076324,1537.2066647107658,1607.2119669738004,1530.5357018132895,54.1,54.1,54.1,61.7,1
217,Collingwood Magpies,49,56,Sunshine Coast Lightning,Hisense Arena,2017.0,217,2017-05-06,1522.9259449900871,1550.5948664713756,1513.720844980888,1559.7999664805748,52.3,56.9,53.5,56.1,0
218,Adelaide Thunderbirds,47,49,Giants Netball,Priceline Stadium,2017.0,218,2017-05-07,1404.7580151011703,1546.7107152593778,1401.316853687439,1550.151876673109,51.7,56.0,56.4,45.6,0
219,Sunshine Coast Lightning,64,50,West Coast Fever,University of the Sunshine Coast Stadium,2017.0,219,2017-05-12,1559.7999664805748,1464.9506986973786,1566.5006509095779,1458.2500142683755,54.2,48.5,51.6,56.9,1
220,Collingwood Magpies,62,50,New South Wales Swifts,Hisense Arena,2017.0,220,2017-05-13,1513.720844980888,1526.2938079748694,1523.5828601154926,1516.4317928402647,54.2,52.6,53.3,55.5,1
221,Queensland Firebirds,59,48,Adelaide Thunderbirds,Brisbane Entertainment Centre,2017.0,221,2017-05-13,1530.5357018132895,1401.316853687439,1535.3684685071362,1396.4840869935924,56.2,44.7,55.1,54.0,1
222,Giants Netball,56,52,Melbourne Vixens,AIS Arena,2017.0,222,2017-05-14,1550.151876673109,1607.2119669738004,1556.5511008390151,1600.8127428078942,54.1,62.5,51.1,55.1,1
223,Giants Netball,53,56,Queensland Firebirds,Sydney Olympic Park Sports Centre,2017.0,223,2017-05-19,1556.5511008390151,1535.3684685071362,1549.4202418428902,1542.4993275032612,54.5,54.9,51.2,54.1,0
224,West Coast Fever,42,49,Collingwood Magpies,Perth Arena,2017.0,224,2017-05-20,1458.2500142683755,1523.5828601154926,1450.1707309866592,1531.6621433972089,53.3,56.3,54.0,48.4,0
225,Sunshine Coast Lightning,63,49,New South Wales Swifts,University of the Sunshine Coast Stadium,2017.0,225,2017-05-20,1566.5006509095779,1516.4317928402647,1574.7874336382718,1508.1450101115709,56.0,52.2,51.4,57.5,1
226,Melbourne Vixens,71,50,Adelaide Thunderbirds,Margaret Court Arena,2017.0,226,2017-05-21,1600.8127428078942,1396.4840869935924,1605.8157918637492,1391.4810379377375,56.7,45.1,53.9,62.5,1
227,New South Wales Swifts,48,67,Queensland Firebirds,Qudos Bank Arena,2017.0,227,2017-05-27,1508.1450101115709,1542.4993275032612,1491.2307322210804,1559.4136053937516,55.1,54.5,56.4,51.2,0
228,West Coast Fever,42,68,Melbourne Vixens,Perth Arena,2017.0,228,2017-05-27,1450.1707309866592,1605.8157918637492,1436.9206694293164,1619.065853421092,53.0,63.7,52.9,47.9,0
229,Giants Netball,55,56,Sunshine Coast Lightning,Qudos Bank Arena,2017.0,229,2017-05-27,1549.4202418428902,1574.7874336382718,1544.9638158173925,1579.2438596637694,52.1,58.7,51.7,53.5,0
230,Adelaide Thunderbirds,47,49,Collingwood Magpies,Titanium Security Arena,2017.0,230,2017-05-28,1391.4810379377375,1531.6621433972089,1388.0142641948078,1535.1289171401386,51.6,56.1,58.7,45.9,0
287,Melbourne Vixens,59,58,Collingwood Magpies,Hisense Arena,2018.0,231,2018-04-28,1590.549390065819,1527.596687855104,1593.0024633549124,1525.1436145660105,0.0,0.0,0.0,0.0,1
288,Adelaide Thunderbirds,56,74,West Coast Fever,Priceline Stadium,2018.0,232,2018-04-29,1417.2606981461058,1453.9405020719873,1401.0919076492164,1470.1092925688768,0.0,0.0,0.0,0.0,0
289,Giants Netball,54,51,Sunshine Coast Lightning,Qudos Bank Arena,2018.0,233,2018-04-29,1534.9728618630443,1560.682894747827,1539.9733283457829,1555.6824282650884,0.0,0.0,0.0,0.0,1
290,New South Wales Swifts,54,53,Queensland Firebirds,Qudos Bank Arena,2018.0,234,2018-04-29,1494.6730491658104,1545.8102040453136,1498.6708848912713,1541.8123683198528,0.0,0.0,0.0,0.0,1
291,Adelaide Thunderbirds,48,71,Giants Netball,Priceline Stadium,2018.0,235,2018-05-05,1401.0919076492164,1539.9733283457829,1388.0577089034396,1553.0075270915597,51.0,54.0,74.0,56.0,0
292,West Coast Fever,68,57,Collingwood Magpies,Perth Arena,2018.0,236,2018-05-05,1470.1092925688768,1525.1436145660105,1481.1650343522167,1514.0878727826705,59.0,58.0,56.0,74.0,1
293,Queensland Firebirds,55,52,Sunshine Coast Lightning,Brisbane Entertainment Centre,2018.0,237,2018-05-06,1541.8123683198528,1555.6824282650884,1546.5761142515478,1550.9186823333935,54.0,51.0,54.0,53.0,1
294,Melbourne Vixens,63,61,New South Wales Swifts,Margaret Court Arena,2018.0,238,2018-05-06,1593.0024633549124,1498.6708848912713,1595.526143798677,1496.1472044475067,53.0,54.0,58.0,59.0,1
295,Melbourne Vixens,55,59,Queensland Firebirds,Hisense Arena,2018.0,239,2018-05-12,1595.526143798677,1546.5761142515478,1586.7915343030381,1555.3107237471866,53.0,54.0,59.5,61.0,0
296,Sunshine Coast Lightning,55,56,West Coast Fever,University of Sunshine Coast Stadium,2018.0,240,2018-05-12,1550.9186823333935,1481.1650343522167,1545.0137346144245,1487.0699820711857,56.5,71.0,54.5,51.5,0
297,Collingwood Magpies,70,50,Adelaide Thunderbirds,Hisense Arena,2018.0,241,2018-05-12,1514.0878727826705,1388.0577089034396,1521.3943654902314,1380.7512161958787,72.5,52.0,63.5,57.5,1
298,New South Wales Swifts,55,54,Giants Netball,Qudos Bank Arena,2018.0,242,2018-05-13,1496.1472044475067,1553.0075270915597,1500.2338390260393,1548.9208925130272,49.5,62.5,58.0,57.5,1
299,Giants Netball,53,51,Queensland Firebirds,State Sports Centre,2018.0,243,2018-05-19,1548.9208925130272,1555.3107237471866,1552.9117285980437,1551.31988766217,53.666666666666664,55.666666666666664,51.333333333333336,59.666666666666664,1
300,Adelaide Thunderbirds,50,72,Melbourne Vixens,Priceline Stadium,2018.0,244,2018-05-20,1380.7512161958787,1586.7915343030381,1371.3586360074332,1596.1841144914836,59.333333333333336,59.0,71.66666666666667,51.333333333333336,0
301,Collingwood Magpies,50,52,Sunshine Coast Lightning,Margaret Court Arena,2018.0,245,2018-05-20,1521.3943654902314,1545.0137346144245,1516.0361925573854,1550.3719075472704,55.0,52.666666666666664,59.0,61.666666666666664,0
302,West Coast Fever,63,54,New South Wales Swifts,HBF Stadium,2018.0,246,2018-05-20,1487.0699820711857,1500.2338390260393,1495.3399153947062,1491.9639057025188,56.666666666666664,56.666666666666664,56.0,66.0,1
303,Queensland Firebirds,71,61,West Coast Fever,Brisbane Entertainment Centre,2018.0,247,2018-05-26,1551.31988766217,1495.3399153947062,1557.8261129588989,1488.8336900979773,55.5,65.25,53.5,54.5,1
304,New South Wales Swifts,64,54,Collingwood Magpies,State Sports Centre,2018.0,248,2018-05-27,1491.9639057025188,1516.0361925573854,1501.184479206707,1506.8156190531972,57.25,58.75,58.25,56.0,1
305,Sunshine Coast Lightning,60,51,Adelaide Thunderbirds,University of Sunshine Coast Stadium,2018.0,249,2018-05-27,1550.3719075472704,1371.3586360074332,1553.666334727566,1368.0642088271377,71.75,51.0,53.75,52.5,1
306,Giants Netball,58,51,Melbourne Vixens,State Sports Centre,2018.0,250,2018-05-27,1552.9117285980437,1596.1841144914836,1560.9820412679944,1588.113801821533,57.0,62.25,51.25,58.0,1
307,Sunshine Coast Lightning,64,56,Melbourne Vixens,University of Sunshine Coast Stadium,2018.0,251,2018-06-02,1553.666334727566,1588.113801821533,1562.0774652050677,1579.7026713440312,57.2,60.0,53.2,54.0,1
308,West Coast Fever,63,61,Giants Netball,Perth Arena,2018.0,252,2018-06-02,1488.8336900979773,1560.9820412679944,1494.007992030543,1555.8077393354288,51.2,58.0,58.6,64.4,1
309,New South Wales Swifts,51,49,Adelaide Thunderbirds,State Sports Centre,2018.0,253,2018-06-03,1501.184479206707,1368.0642088271377,1503.2633652815018,1365.9853227523429,69.4,51.0,57.4,57.6,1
310,Collingwood Magpies,67,62,Queensland Firebirds,Silverdome,2018.0,254,2018-06-03,1506.8156190531972,1557.8261129588989,1513.7728524338381,1550.868879578258,55.0,57.8,58.6,57.8,1
311,Melbourne Vixens,74,60,West Coast Fever,Hisense Arena,2018.0,255,2018-06-16,1579.7026713440312,1494.007992030543,1586.708111182769,1487.002552191805,59.0,64.16666666666667,58.333333333333336,59.333333333333336,1
312,Adelaide Thunderbirds,42,66,Queensland Firebirds,Priceline Stadium,2018.0,256,2018-06-17,1365.9853227523429,1550.868879578258,1354.981429708811,1561.8727726217899,57.0,58.5,66.33333333333333,50.666666666666664,0
313,Giants Netball,63,60,Collingwood Magpies,Qudos Bank Arena,2018.0,257,2018-06-17,1555.8077393354288,1513.7728524338381,1559.544466039996,1510.036125729271,59.166666666666664,59.333333333333336,53.166666666666664,58.5,1
314,New South Wales Swifts,59,56,Sunshine Coast Lightning,Qudos Bank Arena,2018.0,258,2018-06-17,1503.2633652815018,1562.0774652050677,1508.958070099228,1556.3827603873415,53.666666666666664,55.666666666666664,56.0,56.5,1
315,Sunshine Coast Lightning,53,53,Giants Netball,University of Sunshine Coast Stadium,2018.0,259,2018-06-23,1556.3827603873415,1559.544466039996,1552.5801213881537,1563.3471050391838,54.142857142857146,59.142857142857146,54.42857142857143,55.714285714285715,0
316,West Coast Fever,76,56,Adelaide Thunderbirds,Perth Arena,2018.0,260,2018-06-23,1487.002552191805,1354.981429708811,1494.0897479789471,1347.894233921669,66.28571428571429,49.42857142857143,61.142857142857146,63.57142857142857,1
317,Collingwood Magpies,57,65,Melbourne Vixens,Margaret Court Arena,2018.0,261,2018-06-24,1510.036125729271,1586.708111182769,1501.6704026556654,1595.0738342563745,58.57142857142857,61.42857142857143,59.714285714285715,59.42857142857143,0
318,Queensland Firebirds,60,57,New South Wales Swifts,Brisbane Entertainment Centre,2018.0,262,2018-06-24,1561.8727726217899,1508.958070099228,1565.427893662199,1505.4029490588189,56.0,56.857142857142854,54.857142857142854,59.57142857142857,1
319,New South Wales Swifts,58,65,Melbourne Vixens,State Sports Centre,2018.0,263,2018-06-30,1505.4029490588189,1595.0738342563745,1498.019762615515,1602.4570206996784,58.375,61.875,56.5,56.875,0
320,Collingwood Magpies,57,70,West Coast Fever,Margaret Court Arena,2018.0,264,2018-06-30,1501.6704026556654,1494.0897479789471,1486.6688264828929,1509.0913241517196,60.5,65.125,60.375,59.125,0
321,Sunshine Coast Lightning,58,57,Queensland Firebirds,University of Sunshine Coast Stadium,2018.0,265,2018-07-01,1552.5801213881537,1565.427893662199,1556.0096607633884,1561.9983542869643,55.125,59.625,54.25,55.375,1
322,Giants Netball,63,44,Adelaide Thunderbirds,AIS Arena,2018.0,266,2018-07-01,1563.3471050391838,1347.894233921669,1567.7378188796886,1343.5035200811642,67.5,50.25,54.0,58.375,1
323,Queensland Firebirds,57,58,Melbourne Vixens,Gold Coast Sports and Leisure Centre [7],2018.0,267,2018-07-07,1561.9983542869643,1602.4570206996784,1557.7622605385402,1606.6931144481025,58.333333333333336,62.22222222222222,55.44444444444444,59.333333333333336,0
324,West Coast Fever,59,58,Sunshine Coast Lightning,HBF Stadium,2018.0,268,2018-07-07,1509.0913241517196,1556.0096607633884,1513.0243156259924,1552.0766692891157,54.55555555555556,55.666666666666664,60.111111111111114,65.66666666666667,1
325,Adelaide Thunderbirds,48,58,Collingwood Magpies,Adelaide Entertainment Centre,2018.0,269,2018-07-08,1343.5035200811642,1486.6688264828929,1336.150367346505,1494.0219792175521,61.44444444444444,58.888888888888886,67.0,49.55555555555556,0
326,Giants Netball,66,56,New South Wales Swifts,International Convention Centre,2018.0,270,2018-07-08,1567.7378188796886,1498.019762615515,1573.8386850876411,1491.9188964075624,57.44444444444444,57.0,52.888888888888886,58.888888888888886,1
327,Sunshine Coast Lightning,58,56,Collingwood Magpies,University of Sunshine Coast Stadium,2018.0,271,2018-07-14,1552.0766692891157,1494.0219792175521,1555.0769796662921,1491.0216688403757,60.1,58.8,55.0,55.9,1
328,New South Wales Swifts,68,74,West Coast Fever,State Sports Centre,2018.0,272,2018-07-14,1491.9188964075624,1513.0243156259924,1483.2728821299504,1521.6703299036044,59.9,65.0,58.3,56.9,0
329,Queensland Firebirds,64,50,Giants Netball,Brisbane Entertainment Centre,2018.0,273,2018-07-15,1557.7622605385402,1573.8386850876411,1568.8220278078168,1562.7789178183646,53.2,59.6,55.7,59.1,1
330,Melbourne Vixens,73,48,Adelaide Thunderbirds,Hisense Arena,2018.0,274,2018-07-15,1606.6931144481025,1336.150367346505,1610.6035560071305,1332.239925787477,66.1,49.4,58.2,61.8,1
331,Collingwood Magpies,57,57,New South Wales Swifts,Hisense Arena,2018.0,275,2018-07-21,1491.0216688403757,1483.2728821299504,1487.0883313353183,1487.2062196350078,60.4,58.3,60.0,58.6,0
332,West Coast Fever,54,60,Queensland Firebirds,Perth Arena,2018.0,276,2018-07-21,1521.6703299036044,1568.8220278078168,1513.7507119338927,1576.7416457775284,55.3,60.2,61.1,65.0,0
333,Melbourne Vixens,58,60,Giants Netball,Hisense Arena,2018.0,277,2018-07-22,1610.6035560071305,1562.7789178183646,1603.9510454106478,1569.4314284148472,54.5,59.2,57.2,63.2,0
334,Adelaide Thunderbirds,44,75,Sunshine Coast Lightning,Priceline Stadium,2018.0,278,2018-07-22,1332.239925787477,1555.0769796662921,1321.1397225595192,1566.1771828942499,55.2,56.6,66.0,48.6,0
335,Sunshine Coast Lightning,61,51,New South Wales Swifts,University of Sunshine Coast Stadium,2018.0,279,2018-07-28,1566.1771828942499,1487.2062196350078,1572.015300432488,1481.3681020967697,59.8,57.9,54.1,58.9,1
336,Queensland Firebirds,67,46,Adelaide Thunderbirds,Brisbane Entertainment Centre,2018.0,280,2018-07-29,1576.7416457775284,1321.1397225595192,1580.5043215096414,1317.3770468274063,66.4,48.2,55.5,60.7,1
337,Collingwood Magpies,56,66,Giants Netball,Hisense Arena,2018.0,281,2018-07-29,1487.0883313353183,1569.4314284148472,1477.7259076522669,1578.7938520978987,55.5,58.1,58.9,58.6,0
338,West Coast Fever,68,55,Melbourne Vixens,Perth Arena,2018.0,282,2018-07-29,1513.7507119338927,1603.9510454106478,1527.7612286836686,1589.940528660872,57.1,62.7,61.4,63.6,1
339,Adelaide Thunderbirds,41,69,New South Wales Swifts,Priceline Stadium,2018.0,283,2018-08-03,1317.3770468274063,1481.3681020967697,1303.896145162373,1494.849003761803,60.5,57.5,66.1,47.8,0
340,Queensland Firebirds,76,44,Collingwood Magpies,Brisbane Entertainment Centre,2018.0,284,2018-08-04,1580.5043215096414,1477.7259076522669,1591.988591146331,1466.2416380155773,60.5,57.2,54.6,61.5,1
341,Giants Netball,69,66,West Coast Fever,International Convention Centre,2018.0,285,2018-08-04,1578.7938520978987,1527.7612286836686,1582.379951846561,1524.1751289350063,61.4,64.8,55.6,59.3,1
342,Melbourne Vixens,51,56,Sunshine Coast Lightning,Hisense Arena,2018.0,286,2018-08-05,1589.940528660872,1572.015300432488,1581.0508256609037,1580.9050034324562,53.6,59.5,58.0,62.7,0
343,Melbourne Vixens,73,61,Queensland Firebirds,Melbourne Arena,2019.0,287,2019-04-27,1562.0381192456778,1570.2414433597482,1571.7222342681246,1560.5573283373014,0.0,0.0,0.0,0.0,1
344,Collingwood Magpies,57,43,Sunshine Coast Lightning,Melbourne Arena,2019.0,288,2019-04-27,1475.931228511683,1561.928752574342,1490.4183254374823,1547.4416556485428,0.0,0.0,0.0,0.0,1
345,Giants Netball,56,63,New South Wales Swifts,Qudos Bank Arena,2019.0,289,2019-04-28,1563.0349638849207,1497.3867528213523,1550.8773257223208,1509.544390983952,0.0,0.0,0.0,0.0,0
346,Adelaide Thunderbirds,61,60,West Coast Fever,Priceline Stadium,2019.0,290,2019-04-28,1354.1721088717798,1519.3813467012546,1360.0873152332258,1513.4661403398086,0.0,0.0,0.0,0.0,1
347,Queensland Firebirds,57,57,Collingwood Magpies,Queensland State Netball Centre,2019.0,291,2019-05-04,1560.5573283373014,1490.4183254374823,1555.8615715245917,1495.114082250192,43.0,57.0,73.0,61.0,0
348,West Coast Fever,55,80,Sunshine Coast Lightning,RAC Arena,2019.0,292,2019-05-05,1513.4661403398086,1547.4416556485428,1492.9263485984122,1567.9814473899391,57.0,43.0,61.0,60.0,0
349,New South Wales Swifts,61,43,Adelaide Thunderbirds,QuayCentre,2019.0,293,2019-05-05,1509.544390983952,1360.0873152332258,1515.5681503764336,1354.0635558407444,60.0,61.0,56.0,63.0,1
350,Melbourne Vixens,61,45,Giants Netball,Melbourne Arena,2019.0,294,2019-05-05,1571.7222342681246,1550.8773257223208,1582.052014447422,1540.5475455430235,63.0,56.0,61.0,73.0,1
351,Adelaide Thunderbirds,42,58,Melbourne Vixens,Priceline Stadium,2019.0,295,2019-05-11,1354.0635558407444,1582.052014447422,1347.2640494102127,1588.8515208779536,53.0,67.0,60.5,52.0,0
352,Sunshine Coast Lightning,71,56,Queensland Firebirds,Brisbane Entertainment Centre,2019.0,296,2019-05-12,1567.9814473899391,1555.8615715245917,1578.2577008681583,1545.5853180463725,65.0,59.0,56.0,61.5,1
353,New South Wales Swifts,80,66,West Coast Fever,QuayCentre,2019.0,297,2019-05-12,1515.5681503764336,1492.9263485984122,1524.9440712469984,1483.5504277278474,70.5,57.5,49.5,62.0,1
354,Giants Netball,58,50,Collingwood Magpies,QuayCentre,2019.0,298,2019-05-12,1540.5475455430235,1495.114082250192,1546.522896001789,1489.1387317914266,50.0,57.0,62.0,50.5,1
355,Collingwood Magpies,65,47,Adelaide Thunderbirds,Melbourne Arena,2019.0,299,2019-05-17,1489.1387317914266,1347.2640494102127,1495.4036347201682,1340.9991464814711,59.666666666666664,48.666666666666664,52.666666666666664,54.666666666666664,1
356,New South Wales Swifts,57,59,Sunshine Coast Lightning,QuayCentre,2019.0,300,2019-05-18,1524.9440712469984,1578.2577008681583,1520.100772153,1583.1009999621567,56.0,64.66666666666667,55.0,68.0,0
357,West Coast Fever,63,63,Melbourne Vixens,RAC Arena,2019.0,301,2019-05-18,1483.5504277278474,1588.8515208779536,1480.8972437214304,1591.5047048843705,49.333333333333336,64.0,73.66666666666667,60.333333333333336,0
358,Queensland Firebirds,61,69,Giants Netball,Queensland State Netball Centre,2019.0,302,2019-05-19,1545.5853180463725,1546.522896001789,1534.7579055876204,1557.350308460541,58.0,53.0,67.0,58.0,0
359,Collingwood Magpies,61,63,West Coast Fever,Bendigo Stadium,2019.0,303,2019-05-25,1495.4036347201682,1480.8972437214304,1489.3621744434517,1486.9387039981468,71.0,61.0,51.25,57.25,0
360,Sunshine Coast Lightning,72,61,Giants Netball,USC Stadium,2019.0,304,2019-05-25,1583.1009999621567,1557.350308460541,1591.0185967481402,1549.4327116745576,58.75,57.0,56.25,63.25,1
361,Melbourne Vixens,50,60,New South Wales Swifts,Margaret Court Arena,2019.0,305,2019-05-26,1591.5047048843705,1520.100772153,1576.2779823938235,1535.327494643547,56.0,65.25,52.75,63.75,0
362,Adelaide Thunderbirds,54,51,Queensland Firebirds,Priceline Stadium,2019.0,306,2019-05-26,1340.9991464814711,1534.7579055876204,1349.893974161567,1525.8630779075245,67.5,58.75,61.0,48.25,1
363,Sunshine Coast Lightning,52,62,Melbourne Vixens,USC Stadium,2019.0,307,2019-06-01,1591.0185967481402,1576.2779823938235,1578.0340562799013,1589.2625228620625,54.2,61.0,57.2,65.0,0
364,Queensland Firebirds,62,62,West Coast Fever,Queensland State Netball Centre,2019.0,308,2019-06-01,1525.8630779075245,1486.9387039981468,1521.5513081138317,1491.2504737918396,69.0,61.4,64.8,57.2,0
365,New South Wales Swifts,68,52,Collingwood Magpies,Qudos Bank Arena,2019.0,309,2019-06-02,1535.327494643547,1489.3621744434517,1544.5573987116688,1480.1322703753299,53.6,58.0,54.8,64.2,1
366,Giants Netball,65,54,Adelaide Thunderbirds,Qudos Bank Arena,2019.0,310,2019-06-02,1549.4327116745576,1349.893974161567,1552.7692464486356,1346.557439387489,59.0,49.4,61.4,57.8,1
367,Adelaide Thunderbirds,53,59,Sunshine Coast Lightning,Territory Netball Stadium,2019.0,311,2019-06-08,1346.557439387489,1578.0340562799013,1342.8795386781978,1581.7119569891925,58.0,62.833333333333336,60.0,50.166666666666664,0
368,West Coast Fever,62,62,Giants Netball,RAC Arena,2019.0,312,2019-06-08,1491.2504737918396,1552.7692464486356,1488.1242353281737,1555.8954849123015,60.166666666666664,59.0,67.83333333333333,61.5,0
369,Queensland Firebirds,46,68,New South Wales Swifts,Queensland State Netball Centre,2019.0,313,2019-06-09,1521.5513081138317,1544.5573987116688,1502.0946489101573,1564.0140579153433,54.333333333333336,64.83333333333333,64.33333333333333,58.0,0
370,Melbourne Vixens,52,55,Collingwood Magpies,Melbourne Arena,2019.0,314,2019-06-10,1589.2625228620625,1480.1322703753299,1580.2456664138815,1489.1491268235109,56.0,57.0,53.833333333333336,61.166666666666664,0
371,Sunshine Coast Lightning,64,41,Collingwood Magpies,USC Stadium,2019.0,315,2019-06-15,1581.7119569891925,1489.1491268235109,1591.2308012231053,1479.630282589598,55.42857142857143,56.714285714285715,57.285714285714285,62.285714285714285,1
372,West Coast Fever,53,52,Adelaide Thunderbirds,RAC Arena,2019.0,316,2019-06-15,1488.1242353281737,1342.8795386781978,1489.758139898908,1341.2456341074635,59.857142857142854,50.57142857142857,67.0,61.57142857142857,1
373,Queensland Firebirds,60,71,Melbourne Vixens,Queensland State Netball Centre,2019.0,317,2019-06-16,1502.0946489101573,1580.2456664138815,1492.0041108947012,1590.3362044293376,54.0,59.857142857142854,64.85714285714286,56.285714285714285,0
374,New South Wales Swifts,59,55,Giants Netball,Qudos Bank Arena,2019.0,318,2019-06-16,1564.0140579153433,1555.8954849123015,1568.9253479820895,1550.9841948455553,60.42857142857143,59.42857142857143,53.142857142857146,65.28571428571429,1
375,Sunshine Coast Lightning,65,57,West Coast Fever,USC Stadium,2019.0,319,2019-06-22,1591.2308012231053,1489.758139898908,1595.8096820042344,1485.1792591177789,65.125,60.5,55.25,62.5,1
376,Giants Netball,57,66,Melbourne Vixens,QuayCentre,2019.0,320,2019-06-22,1550.9841948455553,1590.3362044293376,1540.7441251161367,1600.5762741587562,54.75,61.25,60.25,58.875,0
377,Adelaide Thunderbirds,51,51,New South Wales Swifts,Adelaide Entertainment Centre,2019.0,321,2019-06-23,1341.2456341074635,1568.9253479820895,1339.6903373625112,1570.4806447270419,53.375,64.5,59.0,50.75,0
378,Collingwood Magpies,63,50,Queensland Firebirds,Melbourne Arena,2019.0,322,2019-06-23,1479.630282589598,1492.0041108947012,1490.006276227294,1481.6281172570052,65.625,56.75,56.5,54.75,1
379,Queensland Firebirds,64,66,Sunshine Coast Lightning,Queensland State Netball Centre,2019.0,323,2019-07-27,1481.6281172570052,1595.8096820042344,1477.7732120031944,1599.6645872580452,55.44444444444444,62.77777777777778,65.33333333333333,56.0,0
380,West Coast Fever,49,53,New South Wales Swifts,RAC Arena,2019.0,324,2019-07-27,1485.1792591177789,1570.4806447270419,1479.5364768141976,1576.1234270306231,53.111111111111114,63.0,65.11111111111111,60.111111111111114,0
381,Collingwood Magpies,56,63,Giants Netball,Melbourne Arena,2019.0,325,2019-07-28,1490.006276227294,1540.7441251161367,1481.4971102573234,1549.2532910861073,60.888888888888886,58.666666666666664,55.77777777777778,55.666666666666664,0
382,Melbourne Vixens,63,57,Adelaide Thunderbirds,Melbourne Arena,2019.0,326,2019-07-28,1600.5762741587562,1339.6903373625112,1602.2424984072504,1338.024113114017,58.111111111111114,50.77777777777778,55.0,61.77777777777778,1
383,Melbourne Vixens,64,52,West Coast Fever,Melbourne Arena,2019.0,327,2019-08-03,1602.2424984072504,1479.5364768141976,1607.5209358838615,1474.2580393375865,63.9,59.0,55.2,61.9,1
384,Sunshine Coast Lightning,50,48,New South Wales Swifts,USC Stadium,2019.0,328,2019-08-03,1599.6645872580452,1576.1234270306231,1603.1729832600947,1572.6150310285736,52.7,62.0,56.3,63.1,1
385,Giants Netball,63,57,Queensland Firebirds,AIS Arena,2019.0,329,2019-08-04,1549.2532910861073,1477.7732120031944,1553.7615474295872,1473.2649556597146,65.4,56.8,60.4,59.1,1
386,Adelaide Thunderbirds,46,46,Collingwood Magpies,Priceline Stadium,2019.0,330,2019-08-04,1338.024113114017,1481.4971102573234,1335.751872336418,1483.7693510349222,56.5,55.7,58.6,51.4,0
387,Giants Netball,56,60,Sunshine Coast Lightning,QuayCentre,2019.0,331,2019-08-10,1553.7615474295872,1603.1729832600947,1547.335020814628,1609.5995098750539,55.4,63.8,59.8,59.8,0
388,New South Wales Swifts,57,51,Melbourne Vixens,QuayCentre,2019.0,332,2019-08-10,1572.6150310285736,1607.5209358838615,1579.7917762203417,1600.3441906920934,54.3,61.0,52.1,60.5,1
389,Queensland Firebirds,59,71,Adelaide Thunderbirds,Queensland State Netball Centre,2019.0,333,2019-08-11,1473.2649556597146,1335.751872336418,1453.2210472448485,1355.7957807512842,57.2,49.9,64.4,56.4,0
390,West Coast Fever,57,63,Collingwood Magpies,RAC Arena,2019.0,334,2019-08-12,1474.2580393375865,1483.7693510349222,1465.2823813677214,1492.7450090047873,56.8,54.6,64.2,58.2,0
391,Collingwood Magpies,64,56,New South Wales Swifts,Silverdome,2019.0,335,2019-08-17,1492.7450090047873,1579.7917762203417,1503.0103527162669,1569.5264325088622,52.9,60.1,56.8,55.2,1
392,Adelaide Thunderbirds,40,54,Giants Netball,Priceline Stadium,2019.0,336,2019-08-18,1355.7957807512842,1547.335020814628,1348.4211966980029,1554.7096048679093,59.7,60.9,57.0,52.7,0
393,Melbourne Vixens,55,56,Sunshine Coast Lightning,Melbourne Arena,2019.0,337,2019-08-18,1600.3441906920934,1609.5995098750539,1595.6487736225943,1614.294926944553,55.5,61.8,55.5,60.0,0
394,West Coast Fever,62,68,Queensland Firebirds,RAC Arena,2019.0,338,2019-08-18,1465.2823813677214,1453.2210472448485,1455.6849375577206,1462.8184910548493,65.8,56.6,62.5,58.4,0
395,Giants Netball,70,60,West Coast Fever,Qudos Bank Arena,2019.0,339,2019-08-24,1554.7096048679093,1455.6849375577206,1560.0066072444406,1450.3879351811893,61.3,58.0,58.7,60.5,1
396,New South Wales Swifts,64,63,Queensland Firebirds,Qudos Bank Arena,2019.0,340,2019-08-24,1569.5264325088622,1462.8184910548493,1571.5127798134913,1460.8321437502202,64.9,57.8,52.7,57.7,1
397,Sunshine Coast Lightning,58,37,Adelaide Thunderbirds,USC Stadium,2019.0,341,2019-08-24,1614.294926944553,1348.4211966980029,1617.8447875756367,1344.8713360669192,56.6,52.5,55.4,60.3,1
398,Collingwood Magpies,58,47,Melbourne Vixens,Melbourne Arena,2019.0,342,2019-08-25,1503.0103527162669,1595.6487736225943,1515.7109966493097,1582.9481296895515,56.9,59.7,56.6,56.6,1
399,Queensland Firebirds,48,66,Sunshine Coast Lightning,Nissan Arena,2020.0,343,2020-08-01,1471.8741078126652,1589.6335906817276,1459.895613958363,1601.61208453603,0.0,0.0,0.0,0.0,0
400,Adelaide Thunderbirds,62,74,West Coast Fever,Nissan Arena,2020.0,344,2020-08-01,1384.9035020501894,1464.040951385892,1374.2793272362023,1474.665126199879,0.0,0.0,0.0,0.0,0
401,Giants Netball,61,63,New South Wales Swifts,Nissan Arena,2020.0,345,2020-08-02,1546.2549554333305,1554.8845848601186,1540.630683961479,1560.50885633197,0.0,0.0,0.0,0.0,0
402,Melbourne Vixens,63,52,Collingwood Magpies,Nissan Arena,2020.0,346,2020-08-02,1563.4610972671635,1513.0332474869822,1570.5440175705073,1505.9503271836384,0.0,0.0,0.0,0.0,1
403,Giants Netball,51,59,Adelaide Thunderbirds,Nissan Arena,2020.0,347,2020-08-08,1540.630683961479,1374.2793272362023,1523.9803338263923,1390.929677371289,74.0,62.0,63.0,61.0,0
404,Queensland Firebirds,50,78,Melbourne Vixens,Nissan Arena,2020.0,348,2020-08-08,1459.895613958363,1570.5440175705073,1443.0681455250217,1587.3714860038485,52.0,63.0,66.0,48.0,0
405,Sunshine Coast Lightning,51,47,Collingwood Magpies,USC Stadium,2020.0,349,2020-08-09,1601.61208453603,1505.9503271836384,1604.893893084241,1502.6685186354273,63.0,52.0,48.0,66.0,1
406,New South Wales Swifts,73,72,West Coast Fever,USC Stadium,2020.0,350,2020-08-09,1560.50885633197,1474.665126199879,1562.7088001029385,1472.4651824289106,62.0,74.0,61.0,63.0,1
407,Giants Netball,75,68,West Coast Fever,Nissan Arena,2020.0,351,2020-08-11,1523.9803338263923,1472.4651824289106,1529.3647215254446,1467.0807947298583,67.5,73.0,61.0,56.0,1
408,Queensland Firebirds,54,58,Collingwood Magpies,Nissan Arena,2020.0,352,2020-08-11,1443.0681455250217,1502.6685186354273,1436.8683265812226,1508.8683375792264,57.0,49.5,72.0,49.0,0
409,New South Wales Swifts,66,51,Adelaide Thunderbirds,USC Stadium,2020.0,353,2020-08-12,1562.7088001029385,1390.929677371289,1567.4445020097992,1386.1939754644284,62.5,60.5,66.5,68.0,1
410,Melbourne Vixens,63,51,Sunshine Coast Lightning,USC Stadium,2020.0,354,2020-08-12,1587.3714860038485,1604.893893084241,1597.4372352183987,1594.8281438696908,47.5,58.5,51.0,70.5,1
411,Collingwood Magpies,62,63,West Coast Fever,Nissan Arena,2020.0,355,2020-08-15,1508.8683375792264,1467.0807947298583,1503.396631324887,1472.5525009841976,70.0,71.33333333333333,56.0,52.333333333333336,0
412,Queensland Firebirds,61,61,Giants Netball,Nissan Arena,2020.0,356,2020-08-15,1436.8683265812226,1529.3647215254446,1434.0804743343517,1532.1525737723155,63.333333333333336,62.333333333333336,67.33333333333333,50.666666666666664,0
413,Sunshine Coast Lightning,65,58,New South Wales Swifts,USC Stadium,2020.0,357,2020-08-16,1594.8281438696908,1567.4445020097992,1600.8336071185156,1561.4390387609744,61.333333333333336,67.33333333333333,52.666666666666664,56.0,1
414,Melbourne Vixens,47,54,Adelaide Thunderbirds,USC Stadium,2020.0,358,2020-08-16,1597.4372352183987,1386.1939754644284,1580.5539778917293,1403.0772327910977,63.666666666666664,57.333333333333336,51.0,68.0,0
415,West Coast Fever,59,68,Melbourne Vixens,Nissan Arena,2020.0,359,2020-08-18,1472.5525009841976,1580.5539778917293,1464.5943704260699,1588.5121084498571,51.75,62.75,68.0,69.25,0
416,Queensland Firebirds,57,64,New South Wales Swifts,Nissan Arena,2020.0,360,2020-08-18,1434.0804743343517,1561.4390387609744,1427.7161018550444,1567.8034112402818,62.25,65.0,65.75,53.25,0
417,Collingwood Magpies,52,60,Adelaide Thunderbirds,USC Stadium,2020.0,361,2020-08-19,1503.396631324887,1403.0772327910977,1489.0621126170397,1417.411751498945,59.5,56.5,57.75,54.75,0
418,Sunshine Coast Lightning,58,57,Giants Netball,USC Stadium,2020.0,362,2020-08-19,1600.8336071185156,1532.1525737723155,1603.2214873164241,1529.764693574407,62.75,62.0,54.0,58.25,1
419,New South Wales Swifts,60,58,Collingwood Magpies,Nissan Arena,2020.0,363,2020-08-22,1567.8034112402818,1489.0621126170397,1570.5246809599969,1486.3408428973246,58.2,54.2,61.2,64.8,1
420,West Coast Fever,57,68,Queensland Firebirds,Nissan Arena,2020.0,364,2020-08-22,1464.5943704260699,1427.7161018550444,1449.8938314069512,1442.416640874163,65.4,54.0,68.0,67.2,0
421,Melbourne Vixens,63,58,Giants Netball,USC Stadium,2020.0,365,2020-08-23,1588.5121084498571,1529.764693574407,1592.8678521421718,1525.4089498820922,61.8,61.0,53.2,63.8,1
422,Sunshine Coast Lightning,53,45,Adelaide Thunderbirds,USC Stadium,2020.0,366,2020-08-23,1603.2214873164241,1417.411751498945,1606.1844961270453,1414.4487426883238,58.0,57.2,54.6,58.2,1
423,West Coast Fever,71,57,Collingwood Magpies,Nissan Arena,2020.0,367,2020-08-25,1449.8938314069512,1486.3408428973246,1461.9041466363674,1474.3305276679084,58.5,54.833333333333336,68.0,65.5,1
424,Giants Netball,66,65,Queensland Firebirds,Nissan Arena,2020.0,368,2020-08-25,1525.4089498820922,1442.416640874163,1527.6393503579516,1440.1862403983037,64.0,56.333333333333336,62.0,60.5,1
425,New South Wales Swifts,61,54,Sunshine Coast Lightning,Nissan Arena,2020.0,369,2020-08-26,1570.5246809599969,1606.1844961270453,1578.3560306991478,1598.3531463878944,53.0,57.333333333333336,60.666666666666664,64.0,1
426,Adelaide Thunderbirds,43,50,Melbourne Vixens,Nissan Arena,2020.0,370,2020-08-26,1414.4487426883238,1592.8678521421718,1409.3315855608591,1597.9850092696365,54.0,63.666666666666664,57.166666666666664,55.166666666666664,0
427,Melbourne Vixens,63,60,New South Wales Swifts,Nissan Arena,2020.0,371,2020-08-29,1597.9850092696365,1578.3560306991478,1602.1147886906224,1574.226251278162,59.714285714285715,63.57142857142857,52.42857142857143,61.714285714285715,1
428,Collingwood Magpies,54,69,Giants Netball,Nissan Arena,2020.0,372,2020-08-29,1474.3305276679084,1527.6393503579516,1460.8349764022148,1541.1349016236452,62.42857142857143,61.285714285714285,60.285714285714285,55.142857142857146,0
429,Queensland Firebirds,54,53,Adelaide Thunderbirds,Nissan Arena,2020.0,373,2020-08-30,1440.1862403983037,1409.3315855608591,1443.0273206929303,1406.4905052662325,56.142857142857146,53.42857142857143,64.28571428571429,57.57142857142857,1
430,West Coast Fever,80,56,Sunshine Coast Lightning,Nissan Arena,2020.0,374,2020-08-30,1461.9041466363674,1598.3531463878944,1486.8161101996086,1573.4411828246532,54.142857142857146,56.857142857142854,66.42857142857143,66.28571428571429,1
431,Giants Netball,53,73,Melbourne Vixens,Nissan Arena,2020.0,375,2020-09-01,1541.1349016236452,1602.1147886906224,1525.1560916434466,1618.093598670821,53.375,61.875,61.375,62.25,0
432,Collingwood Magpies,54,69,New South Wales Swifts,Nissan Arena,2020.0,376,2020-09-01,1460.8349764022148,1574.226251278162,1450.059862304908,1585.0013653754688,60.125,63.125,61.375,55.0,0
433,Adelaide Thunderbirds,50,56,Sunshine Coast Lightning,Nissan Arena,2020.0,377,2020-09-02,1406.4905052662325,1573.4411828246532,1401.5426797204814,1578.3890083704043,57.375,56.75,55.875,53.375,0
434,Queensland Firebirds,60,71,West Coast Fever,Nissan Arena,2020.0,378,2020-09-02,1443.0273206929303,1486.8161101996086,1431.6180095764523,1498.2254213160866,65.125,68.0,62.875,57.125,0
435,Melbourne Vixens,63,63,West Coast Fever,Nissan Arena,2020.0,379,2020-09-05,1618.093598670821,1498.2254213160866,1612.781515031396,1503.5375049555114,64.55555555555556,68.33333333333333,53.333333333333336,63.111111111111114,0
436,New South Wales Swifts,64,77,Queensland Firebirds,Nissan Arena,2020.0,380,2020-09-05,1585.0013653754688,1431.6180095764523,1563.1444063921108,1453.4749685598103,63.77777777777778,57.44444444444444,59.44444444444444,63.77777777777778,0
437,Giants Netball,65,67,Sunshine Coast Lightning,Nissan Arena,2020.0,381,2020-09-06,1525.1560916434466,1578.3890083704043,1520.3114181511828,1583.2336818626682,56.55555555555556,56.666666666666664,62.666666666666664,61.22222222222222,0
438,Adelaide Thunderbirds,61,49,Collingwood Magpies,Priceline Stadium,2020.0,382,2020-09-06,1401.5426797204814,1450.059862304908,1412.935897237042,1438.6666447883474,62.22222222222222,54.888888888888886,55.888888888888886,53.0,1
439,New South Wales Swifts,59,62,Melbourne Vixens,USC Stadium,2020.0,383,2020-09-08,1563.1444063921108,1612.781515031396,1557.4679518371015,1618.4579695864054,54.3,63.1,61.2,63.8,0
440,Sunshine Coast Lightning,52,72,West Coast Fever,USC Stadium,2020.0,384,2020-09-08,1583.2336818626682,1503.5375049555114,1558.6760713744086,1528.095115443771,64.4,67.8,57.4,57.7,0
441,Giants Netball,62,58,Collingwood Magpies,USC Stadium,2020.0,385,2020-09-09,1520.3114181511828,1438.6666447883474,1523.8240081427814,1435.1540547967488,62.1,54.3,63.1,61.6,1
442,Adelaide Thunderbirds,59,61,Queensland Firebirds,Priceline Stadium,2020.0,386,2020-09-09,1412.935897237042,1453.4749685598103,1407.873290011465,1458.5375757853872,63.8,59.4,55.2,53.8,0
443,West Coast Fever,80,71,New South Wales Swifts,Nissan Arena,2020.0,387,2020-09-12,1528.095115443771,1557.4679518371015,1536.9311628857565,1548.631904395116,61.3,63.4,63.4,67.6,1
444,Collingwood Magpies,53,61,Melbourne Vixens,Nissan Arena,2020.0,388,2020-09-12,1435.1540547967488,1618.4579695864054,1429.7508229564423,1623.861201426712,55.0,63.0,62.0,54.9,0
445,Sunshine Coast Lightning,75,67,Queensland Firebirds,USC Stadium,2020.0,389,2020-09-13,1558.6760713744086,1458.5375757853872,1563.2851256051056,1453.9285215546902,63.1,60.7,59.8,56.3,1
446,Adelaide Thunderbirds,54,64,Giants Netball,Priceline Stadium,2020.0,390,2020-09-13,1407.873290011465,1523.8240081427814,1399.6522533588193,1532.0450447954272,62.6,61.7,53.9,53.5,0
447,Collingwood Magpies,53,63,Sunshine Coast Lightning,Townsville Entertainment Centre,2020.0,391,2020-09-16,1429.7508229564423,1563.2851256051056,1422.0966813035002,1570.9392672580477,61.8,58.7,63.0,55.5,0
448,West Coast Fever,71,66,Giants Netball,Cairns Pop Up Arena,2020.0,392,2020-09-19,1536.9311628857565,1532.0450447954272,1542.4724603803104,1526.5037473008733,62.1,63.0,63.2,68.4,1
449,Adelaide Thunderbirds,54,57,New South Wales Swifts,Cairns Pop Up Arena,2020.0,393,2020-09-19,1399.6522533588193,1548.631904395116,1395.7870091659324,1552.4971485880028,62.1,63.2,55.2,53.0,0
450,Melbourne Vixens,58,64,Queensland Firebirds,Cairns Pop Up Arena,2020.0,394,2020-09-20,1623.861201426712,1453.9285215546902,1609.573507814965,1468.216215166437,62.8,62.4,55.3,61.3,0
451,Collingwood Magpies,63,65,Queensland Firebirds,Nissan Arena,2020.0,395,2020-09-26,1422.0966813035002,1468.216215166437,1417.1303097220955,1473.1825867478417,62.8,63.4,63.9,55.0,0
452,New South Wales Swifts,77,77,Giants Netball,Nissan Arena,2020.0,396,2020-09-26,1552.4971485880028,1526.5037473008733,1548.3431219145189,1530.6577739743573,62.4,62.1,62.4,62.3,0
453,West Coast Fever,63,64,Adelaide Thunderbirds,Nissan Arena,2020.0,397,2020-09-26,1542.4724603803104,1395.7870091659324,1535.366881487157,1402.892588059086,54.3,53.3,62.3,68.7,0
454,Sunshine Coast Lightning,54,58,Melbourne Vixens,USC Stadium,2020.0,398,2020-09-27,1570.9392672580477,1609.573507814965,1564.2696932203,1616.2430818527127,56.6,60.8,60.8,59.9,0
